-- phpMyAdmin SQL Dump
-- version 4.8.3
-- https://www.phpmyadmin.net/
--
-- Host: 127.0.0.1
-- Generation Time: 22-Dez-2020 às 23:01
-- Versão do servidor: 10.1.37-MariaDB
-- versão do PHP: 7.2.12

SET SQL_MODE = "NO_AUTO_VALUE_ON_ZERO";
SET AUTOCOMMIT = 0;
START TRANSACTION;
SET time_zone = "+00:00";


/*!40101 SET @OLD_CHARACTER_SET_CLIENT=@@CHARACTER_SET_CLIENT */;
/*!40101 SET @OLD_CHARACTER_SET_RESULTS=@@CHARACTER_SET_RESULTS */;
/*!40101 SET @OLD_COLLATION_CONNECTION=@@COLLATION_CONNECTION */;
/*!40101 SET NAMES utf8mb4 */;

--
-- Database: `db_voz_do_operador`
--

-- --------------------------------------------------------

--
-- Estrutura da tabela `tb_answers`
--

CREATE TABLE `tb_answers` (
  `id_answers` int(11) NOT NULL,
  `id_question` int(11) NOT NULL,
  `description_answers` varchar(150) NOT NULL
) ENGINE=InnoDB DEFAULT CHARSET=utf8;

--
-- Extraindo dados da tabela `tb_answers`
--

INSERT INTO `tb_answers` (`id_answers`, `id_question`, `description_answers`) VALUES
(85, 27, 'a) retorna um array com os valores pares :  ( 10, 12, 20, 40  )'),
(86, 27, 'b) retorna um array com os valores ímpares: (  3, 7, 33  )'),
(87, 27, 'c) retorna um array vazio'),
(88, 27, 'd) retorna um undefined'),
(105, 32, 'Java'),
(106, 32, 'Javascript'),
(107, 32, 'Python');

-- --------------------------------------------------------

--
-- Estrutura da tabela `tb_companies`
--

CREATE TABLE `tb_companies` (
  `id_companie` int(11) NOT NULL,
  `name_companie` varchar(100) DEFAULT NULL
) ENGINE=InnoDB DEFAULT CHARSET=utf8;

--
-- Extraindo dados da tabela `tb_companies`
--

INSERT INTO `tb_companies` (`id_companie`, `name_companie`) VALUES
(1, 'Flex Contact'),
(2, 'Alma Viva'),
(3, 'Paschoalotto');

-- --------------------------------------------------------

--
-- Estrutura da tabela `tb_level`
--

CREATE TABLE `tb_level` (
  `id_level` int(11) NOT NULL,
  `name_level` varchar(60) NOT NULL
) ENGINE=InnoDB DEFAULT CHARSET=utf8;

--
-- Extraindo dados da tabela `tb_level`
--

INSERT INTO `tb_level` (`id_level`, `name_level`) VALUES
(1, 'Operador'),
(2, 'Administrador'),
(3, 'Admin Full');

-- --------------------------------------------------------

--
-- Estrutura da tabela `tb_liked`
--

CREATE TABLE `tb_liked` (
  `id` int(11) NOT NULL,
  `id_usr` int(11) NOT NULL,
  `id_post` int(11) NOT NULL,
  `liked` varchar(20) DEFAULT NULL,
  `desliked` varchar(20) DEFAULT NULL,
  `liked_date` timestamp NOT NULL DEFAULT CURRENT_TIMESTAMP ON UPDATE CURRENT_TIMESTAMP
) ENGINE=InnoDB DEFAULT CHARSET=utf8;

--
-- Extraindo dados da tabela `tb_liked`
--

INSERT INTO `tb_liked` (`id`, `id_usr`, `id_post`, `liked`, `desliked`, `liked_date`) VALUES
(1, 1, 6, '', 'desliked', '2020-12-22 21:42:00'),
(2, 1, 13, 'liked', NULL, '2020-12-22 21:44:53'),
(3, 1, 14, 'liked', NULL, '2020-12-22 21:45:34');

-- --------------------------------------------------------

--
-- Estrutura da tabela `tb_logs_access`
--

CREATE TABLE `tb_logs_access` (
  `id` int(11) NOT NULL,
  `user_login` varchar(20) NOT NULL,
  `user_ip` varchar(40) NOT NULL,
  `date_acess` datetime DEFAULT NULL,
  `cod_status_login` char(2) NOT NULL
) ENGINE=InnoDB DEFAULT CHARSET=utf8;

--
-- Extraindo dados da tabela `tb_logs_access`
--

INSERT INTO `tb_logs_access` (`id`, `user_login`, `user_ip`, `date_acess`, `cod_status_login`) VALUES
(1, '4286', '10.11.6.74', '2020-09-29 13:02:59', '1'),
(2, '4286', '10.11.6.74', '2020-09-29 13:02:59', '1'),
(3, '66532', '10.11.74.8', '2020-09-29 13:05:40', '1'),
(4, '66532', '187.38.62.210', '2020-09-30 11:57:47', '1'),
(5, '66532', '187.38.62.210', '2020-09-30 11:57:47', '1'),
(6, '4286', '10.11.140.64', '2020-09-30 12:47:57', '1'),
(7, '4286', '10.11.140.64', '2020-09-30 12:47:57', '1'),
(8, '66532', '187.38.62.210', '2020-09-30 12:58:35', '1'),
(9, '66532', '187.38.62.210', '2020-09-30 12:58:35', '1'),
(10, '66532', '187.38.62.210', '2020-09-30 13:22:29', '1'),
(11, '66532', '187.38.62.210', '2020-09-30 13:22:29', '1'),
(12, '4286', '10.11.6.74', '2020-09-30 14:58:36', '1'),
(13, '4286', '10.11.6.74', '2020-09-30 14:58:37', '1'),
(14, '46350', '172.24.189.24', '2020-09-30 17:01:42', '1'),
(15, '46350', '172.24.189.24', '2020-09-30 17:01:42', '1'),
(16, '4286', '10.11.64.4', '2020-09-30 18:05:33', '1'),
(17, '4286', '10.11.64.4', '2020-09-30 18:05:33', '1'),
(18, '78227', '20.10.2.220', '2020-09-30 18:55:27', '1'),
(19, '78227', '20.10.2.220', '2020-09-30 18:55:27', '1'),
(20, '74458', '20.10.2.220', '2020-09-30 18:59:55', '1'),
(21, '74458', '20.10.2.220', '2020-09-30 18:59:55', '1'),
(22, '67702', '172.24.189.52', '2020-09-30 19:00:41', '1'),
(23, '67702', '172.24.189.52', '2020-09-30 19:00:41', '1'),
(24, '60234', '20.10.2.220', '2020-09-30 19:01:43', '1'),
(25, '60234', '20.10.2.220', '2020-09-30 19:01:43', '1'),
(26, '80204', '20.10.2.220', '2020-09-30 19:04:35', '1'),
(27, '80204', '20.10.2.220', '2020-09-30 19:04:35', '1'),
(28, 'rr885238', '20.10.2.220', '2020-09-30 19:05:28', '0'),
(29, 'rr885238', '20.10.2.220', '2020-09-30 19:05:28', '0'),
(30, '77098', '20.10.2.220', '2020-09-30 19:05:37', '1'),
(31, '77098', '20.10.2.220', '2020-09-30 19:05:37', '1'),
(32, '69486', '20.10.2.220', '2020-09-30 19:07:41', '1'),
(33, '69486', '20.10.2.220', '2020-09-30 19:07:41', '1'),
(34, '78226', '20.10.2.220', '2020-09-30 19:08:02', '1'),
(35, '78226', '20.10.2.220', '2020-09-30 19:08:02', '1'),
(36, '77473', '20.10.2.220', '2020-09-30 19:08:28', '1'),
(37, '77473', '20.10.2.220', '2020-09-30 19:08:28', '1'),
(38, '46051', '20.10.2.220', '2020-09-30 19:08:32', '1'),
(39, '46051', '20.10.2.220', '2020-09-30 19:08:32', '1'),
(40, '74363', '20.10.2.220', '2020-09-30 19:09:22', '1'),
(41, '74363', '20.10.2.220', '2020-09-30 19:09:22', '1'),
(42, '74306', '20.10.2.220', '2020-09-30 19:09:38', '1'),
(43, '74306', '20.10.2.220', '2020-09-30 19:09:38', '1'),
(44, '74449', '20.10.2.220', '2020-09-30 19:11:21', '1'),
(45, '74449', '20.10.2.220', '2020-09-30 19:11:21', '1'),
(46, '77101', '20.10.2.220', '2020-09-30 19:13:58', '1'),
(47, '77101', '20.10.2.220', '2020-09-30 19:13:58', '1'),
(48, '74452', '172.24.189.186', '2020-09-30 19:17:54', '1'),
(49, '74452', '172.24.189.186', '2020-09-30 19:17:54', '1'),
(50, '80240', '172.24.189.3', '2020-09-30 19:18:34', '1'),
(51, '80240', '172.24.189.3', '2020-09-30 19:18:34', '1'),
(52, '80202', '172.24.189.196', '2020-09-30 19:19:25', '1'),
(53, '80202', '172.24.189.196', '2020-09-30 19:19:25', '1'),
(54, '80210', '172.24.189.184', '2020-09-30 19:19:49', '1'),
(55, '80210', '172.24.189.184', '2020-09-30 19:19:49', '1'),
(56, '77095', '172.24.188.150', '2020-09-30 19:20:03', '1'),
(57, '77095', '172.24.188.150', '2020-09-30 19:20:03', '1'),
(58, '74352', '172.24.189.187', '2020-09-30 19:20:44', '1'),
(59, '74352', '172.24.189.187', '2020-09-30 19:20:44', '1'),
(60, '74448', '172.24.189.194', '2020-09-30 19:21:30', '1'),
(61, '74448', '172.24.189.194', '2020-09-30 19:21:30', '1'),
(62, '77097', '172.24.189.197', '2020-09-30 19:21:37', '1'),
(63, '77097', '172.24.189.197', '2020-09-30 19:21:37', '1'),
(64, '71824', '172.24.188.88', '2020-09-30 19:21:52', '1'),
(65, '71824', '172.24.188.88', '2020-09-30 19:21:52', '1'),
(66, '74354', '172.24.189.189', '2020-09-30 19:22:00', '1'),
(67, '74354', '172.24.189.189', '2020-09-30 19:22:00', '1'),
(68, '77098', '172.24.189.182', '2020-09-30 19:22:29', '1'),
(69, '77098', '172.24.189.182', '2020-09-30 19:22:29', '1'),
(70, '77369', '172.24.189.183', '2020-09-30 19:22:36', '0'),
(71, '77369', '172.24.189.183', '2020-09-30 19:22:36', '0'),
(72, '71824', '172.24.188.88', '2020-09-30 19:23:04', '1'),
(73, '71824', '172.24.188.88', '2020-09-30 19:23:04', '1'),
(74, '74456', '172.24.189.126', '2020-09-30 19:23:17', '1'),
(75, '74456', '172.24.189.126', '2020-09-30 19:23:17', '1'),
(76, '77093', '172.24.189.71', '2020-09-30 19:24:33', '1'),
(77, '77093', '172.24.189.71', '2020-09-30 19:24:33', '1'),
(78, '77096', '172.24.189.179', '2020-09-30 19:24:56', '1'),
(79, '77096', '172.24.189.179', '2020-09-30 19:24:56', '1'),
(80, '74377', '172.24.189.185', '2020-09-30 19:25:09', '1'),
(81, '74377', '172.24.189.185', '2020-09-30 19:25:09', '1'),
(82, '74377', '172.24.189.185', '2020-09-30 19:25:09', '1'),
(83, '74377', '172.24.189.185', '2020-09-30 19:25:09', '1'),
(84, '78238', '172.24.188.166', '2020-09-30 19:25:42', '1'),
(85, '78238', '172.24.188.166', '2020-09-30 19:25:42', '1'),
(86, '033336871', '172.24.189.100', '2020-09-30 19:25:50', '0'),
(87, '033336871', '172.24.189.100', '2020-09-30 19:25:50', '0'),
(88, '78242', '172.24.189.100', '2020-09-30 19:26:04', '1'),
(89, '78242', '172.24.189.100', '2020-09-30 19:26:04', '1'),
(90, '78246', '172.24.189.97', '2020-09-30 19:26:22', '1'),
(91, '78246', '172.24.189.97', '2020-09-30 19:26:22', '1'),
(92, '52700', '172.24.189.150', '2020-09-30 19:27:10', '1'),
(93, '52700', '172.24.189.150', '2020-09-30 19:27:10', '1'),
(94, '78246', '172.24.189.97', '2020-09-30 19:27:16', '1'),
(95, '78246', '172.24.189.97', '2020-09-30 19:27:16', '1'),
(96, '80218', '172.24.189.111', '2020-09-30 19:27:22', '1'),
(97, '80218', '172.24.189.111', '2020-09-30 19:27:22', '1'),
(98, '77103', '172.24.189.102', '2020-09-30 19:27:27', '1'),
(99, '77103', '172.24.189.102', '2020-09-30 19:27:27', '1'),
(100, '73194', '172.24.188.172', '2020-09-30 19:27:33', '1'),
(101, '73194', '172.24.188.172', '2020-09-30 19:27:33', '1'),
(102, '80214', '172.24.189.117', '2020-09-30 19:27:45', '1'),
(103, '80214', '172.24.189.117', '2020-09-30 19:27:45', '1'),
(104, '73466', '172.24.189.140', '2020-09-30 19:28:04', '1'),
(105, '73466', '172.24.189.140', '2020-09-30 19:28:04', '1'),
(106, '80209', '20.10.2.220', '2020-09-30 19:28:21', '1'),
(107, '80209', '20.10.2.220', '2020-09-30 19:28:21', '1'),
(108, '77104', '172.24.188.113', '2020-09-30 19:28:29', '1'),
(109, '77104', '172.24.188.113', '2020-09-30 19:28:30', '1'),
(110, '75413', '172.24.189.107', '2020-09-30 19:28:35', '1'),
(111, '75413', '172.24.189.107', '2020-09-30 19:28:36', '1'),
(112, '78238', '172.24.188.166', '2020-09-30 19:28:44', '1'),
(113, '78238', '172.24.188.166', '2020-09-30 19:28:44', '1'),
(114, '78242', '172.24.189.100', '2020-09-30 19:29:22', '1'),
(115, '78242', '172.24.189.100', '2020-09-30 19:29:22', '1'),
(116, '80197', '172.24.189.99', '2020-09-30 19:29:29', '1'),
(117, '80197', '172.24.189.99', '2020-09-30 19:29:29', '1'),
(118, '80198', '172.24.189.67', '2020-09-30 19:29:52', '1'),
(119, '80198', '172.24.189.67', '2020-09-30 19:29:52', '1'),
(120, '73194', '172.24.188.172', '2020-09-30 19:30:03', '1'),
(121, '73194', '172.24.188.172', '2020-09-30 19:30:03', '1'),
(122, '72361', '172.24.188.107', '2020-09-30 19:30:26', '1'),
(123, '72361', '172.24.188.107', '2020-09-30 19:30:26', '1'),
(124, '73194', '172.24.189.107', '2020-09-30 19:30:42', '1'),
(125, '73194', '172.24.189.107', '2020-09-30 19:30:42', '1'),
(126, '12345', '20.10.2.220', '2020-09-30 19:31:05', '0'),
(127, '12345', '20.10.2.220', '2020-09-30 19:31:05', '0'),
(128, '77104', '172.24.188.113', '2020-09-30 19:32:09', '1'),
(129, '77104', '172.24.188.113', '2020-09-30 19:32:09', '1'),
(130, '74455', '172.24.188.79', '2020-09-30 19:33:07', '1'),
(131, '74455', '172.24.188.79', '2020-09-30 19:33:07', '1'),
(132, '52700', '172.24.189.150', '2020-09-30 19:33:11', '1'),
(133, '52700', '172.24.189.150', '2020-09-30 19:33:11', '1'),
(134, '77104', '172.24.188.113', '2020-09-30 19:34:39', '1'),
(135, '77104', '172.24.188.113', '2020-09-30 19:34:39', '1'),
(136, '67702', '172.24.189.52', '2020-09-30 19:35:33', '1'),
(137, '67702', '172.24.189.52', '2020-09-30 19:35:33', '1'),
(138, '73466', '172.24.189.140', '2020-09-30 19:37:04', '1'),
(139, '73466', '172.24.189.140', '2020-09-30 19:37:04', '1'),
(140, '75413', '172.24.189.107', '2020-09-30 19:40:37', '1'),
(141, '75413', '172.24.189.107', '2020-09-30 19:40:37', '1'),
(142, '78223', '172.24.188.177', '2020-09-30 19:40:58', '1'),
(143, '78223', '172.24.188.177', '2020-09-30 19:40:58', '1'),
(144, '78237', '172.24.189.113', '2020-09-30 19:51:26', '1'),
(145, '78237', '172.24.189.113', '2020-09-30 19:51:26', '1'),
(146, '66532', '187.38.62.210', '2020-09-30 21:58:35', '1'),
(147, '66532', '187.38.62.210', '2020-09-30 21:58:35', '1'),
(148, '66532', '187.38.62.210', '2020-09-30 22:10:14', '1'),
(149, '66532', '187.38.62.210', '2020-09-30 22:10:14', '1'),
(150, '74473', '172.24.189.193', '2020-10-01 08:26:02', '1'),
(151, '74473', '172.24.189.193', '2020-10-01 08:26:02', '1'),
(152, '75448', '172.24.189.179', '2020-10-01 08:27:46', '1'),
(153, '75448', '172.24.189.179', '2020-10-01 08:27:46', '1'),
(154, '74447', '172.24.189.192', '2020-10-01 08:28:18', '1'),
(155, '74447', '172.24.189.192', '2020-10-01 08:28:18', '1'),
(156, '72650', '172.24.189.136', '2020-10-01 08:29:41', '1'),
(157, '72650', '172.24.189.136', '2020-10-01 08:29:41', '1'),
(158, '73955', '172.24.188.150', '2020-10-01 08:29:56', '1'),
(159, '73955', '172.24.188.150', '2020-10-01 08:29:56', '1'),
(160, '74340', '172.24.188.79', '2020-10-01 08:31:35', '1'),
(161, '74340', '172.24.188.79', '2020-10-01 08:31:35', '1'),
(162, '74469.', '172.24.189.194', '2020-10-01 08:32:02', '0'),
(163, '74469.', '172.24.189.194', '2020-10-01 08:32:02', '0'),
(164, '7444', '172.24.189.192', '2020-10-01 08:36:00', '0'),
(165, '7444', '172.24.189.192', '2020-10-01 08:36:00', '0'),
(166, '74333', '172.24.189.56', '2020-10-01 08:36:55', '1'),
(167, '74333', '172.24.189.56', '2020-10-01 08:36:55', '1'),
(168, '74471', '172.24.189.184', '2020-10-01 08:38:57', '1'),
(169, '74471', '172.24.189.184', '2020-10-01 08:38:57', '1'),
(170, '75447', '172.24.189.185', '2020-10-01 08:40:27', '1'),
(171, '75447', '172.24.189.185', '2020-10-01 08:40:27', '1'),
(172, '74469', '172.24.189.194', '2020-10-01 08:42:57', '1'),
(173, '74469', '172.24.189.194', '2020-10-01 08:42:57', '1'),
(174, '74439', '172.24.189.190', '2020-10-01 08:46:07', '1'),
(175, '74439', '172.24.189.190', '2020-10-01 08:46:07', '1'),
(176, '60649', '172.24.188.70', '2020-10-01 08:47:42', '1'),
(177, '60649', '172.24.188.70', '2020-10-01 08:47:42', '1'),
(178, '39142', '172.24.189.105', '2020-10-01 08:47:45', '1'),
(179, '39142', '172.24.189.105', '2020-10-01 08:47:45', '1'),
(180, '48515', '172.24.189.140', '2020-10-01 08:48:57', '1'),
(181, '48515', '172.24.189.140', '2020-10-01 08:48:57', '1'),
(182, '43472', '172.24.188.88', '2020-10-01 08:50:15', '1'),
(183, '43472', '172.24.188.88', '2020-10-01 08:50:15', '1'),
(184, '60649', '172.24.188.70', '2020-10-01 08:50:48', '1'),
(185, '60649', '172.24.188.70', '2020-10-01 08:50:48', '1'),
(186, '74328', '172.24.189.99', '2020-10-01 08:51:25', '1'),
(187, '74328', '172.24.189.99', '2020-10-01 08:51:25', '1'),
(188, '55673', '172.24.188.107', '2020-10-01 08:51:41', '1'),
(189, '55673', '172.24.188.107', '2020-10-01 08:51:41', '1'),
(190, '46350', '172.24.189.24', '2020-10-01 08:55:25', '1'),
(191, '46350', '172.24.189.24', '2020-10-01 08:55:25', '1'),
(192, '75015', '172.24.189.187', '2020-10-01 08:58:38', '1'),
(193, '75015', '172.24.189.187', '2020-10-01 08:58:38', '1'),
(194, '033312336', '172.24.189.102', '2020-10-01 08:58:46', '0'),
(195, '033312336', '172.24.189.102', '2020-10-01 08:58:46', '0'),
(196, '78251', '172.24.188.185', '2020-10-01 08:59:55', '1'),
(197, '78251', '172.24.188.185', '2020-10-01 08:59:56', '1'),
(198, '78252', '172.24.189.138', '2020-10-01 09:02:59', '1'),
(199, '78252', '172.24.189.138', '2020-10-01 09:02:59', '1'),
(200, '78249', '172.24.188.208', '2020-10-01 09:05:31', '1'),
(201, '78249', '172.24.188.208', '2020-10-01 09:05:31', '1'),
(202, '74345', '172.24.188.113', '2020-10-01 09:07:15', '1'),
(203, '74345', '172.24.188.113', '2020-10-01 09:07:15', '1'),
(204, '59752', '172.24.188.177', '2020-10-01 09:07:57', '1'),
(205, '59752', '172.24.188.177', '2020-10-01 09:07:57', '1'),
(206, '59752', '172.24.188.177', '2020-10-01 09:07:59', '1'),
(207, '59752', '172.24.188.177', '2020-10-01 09:07:59', '1'),
(208, '72618', '172.24.189.15', '2020-10-01 09:09:37', '1'),
(209, '72618', '172.24.189.15', '2020-10-01 09:09:37', '1'),
(210, '66609', '172.24.189.143', '2020-10-01 09:13:52', '1'),
(211, '66609', '172.24.189.143', '2020-10-01 09:13:52', '1'),
(212, '80271', '172.24.189.208', '2020-10-01 09:15:43', '1'),
(213, '80271', '172.24.189.208', '2020-10-01 09:15:43', '1'),
(214, '77091', '172.24.188.172', '2020-10-01 09:29:13', '1'),
(215, '77091', '172.24.188.172', '2020-10-01 09:29:13', '1'),
(216, '80275', '172.24.189.69', '2020-10-01 09:40:47', '1'),
(217, '80275', '172.24.189.69', '2020-10-01 09:40:47', '1'),
(218, '66609', '172.24.189.143', '2020-10-01 10:10:21', '1'),
(219, '66609', '172.24.189.143', '2020-10-01 10:10:21', '1'),
(220, '77092', '172.24.189.97', '2020-10-01 10:10:52', '1'),
(221, '77092', '172.24.189.97', '2020-10-01 10:10:52', '1'),
(222, '66609', '172.24.189.143', '2020-10-01 10:12:39', '1'),
(223, '66609', '172.24.189.143', '2020-10-01 10:12:39', '1'),
(224, '77484', '172.24.189.207', '2020-10-01 10:12:47', '1'),
(225, '77484', '172.24.189.207', '2020-10-01 10:12:47', '1'),
(226, '73983', '172.24.189.135', '2020-10-01 10:12:54', '1'),
(227, '73983', '172.24.189.135', '2020-10-01 10:12:54', '1'),
(228, '77092', '172.24.189.97', '2020-10-01 10:13:45', '1'),
(229, '77092', '172.24.189.97', '2020-10-01 10:13:45', '1'),
(230, '75419', '172.24.189.97', '2020-10-01 10:13:57', '1'),
(231, '75419', '172.24.189.97', '2020-10-01 10:13:57', '1'),
(232, '74331', '172.24.189.105', '2020-10-01 10:15:25', '1'),
(233, '74331', '172.24.189.105', '2020-10-01 10:15:25', '1'),
(234, '033311102', '172.24.189.128', '2020-10-01 10:17:00', '0'),
(235, '033311102', '172.24.189.128', '2020-10-01 10:17:00', '0'),
(236, '60107', '172.24.189.150', '2020-10-01 10:18:21', '1'),
(237, '60107', '172.24.189.150', '2020-10-01 10:18:21', '1'),
(238, '75417', '172.24.189.107', '2020-10-01 10:18:29', '1'),
(239, '75417', '172.24.189.107', '2020-10-01 10:18:29', '1'),
(240, '74344', '172.24.189.144', '2020-10-01 10:22:58', '1'),
(241, '74344', '172.24.189.144', '2020-10-01 10:22:58', '1'),
(242, '74447', '172.24.189.192', '2020-10-01 10:23:00', '1'),
(243, '74447', '172.24.189.192', '2020-10-01 10:23:01', '1'),
(244, '74447', '172.24.189.192', '2020-10-01 10:23:57', '1'),
(245, '74447', '172.24.189.192', '2020-10-01 10:23:57', '1'),
(246, '59629', '172.24.188.185', '2020-10-01 10:27:19', '1'),
(247, '59629', '172.24.188.185', '2020-10-01 10:27:19', '1'),
(248, '66532', '187.38.62.210', '2020-10-01 11:43:31', '1'),
(249, '66532', '187.38.62.210', '2020-10-01 11:43:31', '1'),
(250, '66532', '187.38.62.210', '2020-10-01 12:05:26', '1'),
(251, '66532', '187.38.62.210', '2020-10-01 12:05:26', '1'),
(252, '4286', '10.11.6.74', '2020-10-01 12:35:37', '1'),
(253, '4286', '10.11.6.74', '2020-10-01 12:35:37', '1'),
(254, '66532', '187.38.62.210', '2020-10-01 14:10:22', '1'),
(255, '66532', '187.38.62.210', '2020-10-01 14:10:22', '1'),
(256, '77093', '172.24.189.71', '2020-10-01 19:10:42', '1'),
(257, '77093', '172.24.189.71', '2020-10-01 19:10:42', '1'),
(258, '66532', '187.38.62.210', '2020-10-01 19:11:44', '1'),
(259, '66532', '187.38.62.210', '2020-10-01 19:11:44', '1'),
(260, 'r12367', '10.11.74.8', '2020-10-02 09:03:34', '0'),
(261, '66532', '10.11.74.8', '2020-10-02 12:22:05', '1'),
(262, '66532', '10.11.74.8', '2020-10-02 12:22:06', '1'),
(263, '80239', '10.11.74.8', '2020-10-02 12:27:14', '1'),
(264, '80239', '10.11.74.8', '2020-10-02 12:27:15', '1'),
(265, '66532', '10.11.74.8', '2020-10-02 13:35:32', '1'),
(266, '66532', '10.11.74.8', '2020-10-02 13:35:33', '1'),
(267, '66532', '10.11.74.8', '2020-10-02 13:36:17', '1'),
(268, '66532', '10.11.74.8', '2020-10-02 13:36:17', '1'),
(269, '66532', '10.11.74.8', '2020-10-02 13:36:45', '1'),
(270, '66532', '10.11.74.8', '2020-10-02 13:36:45', '1'),
(271, '74462', '172.24.189.197', '2020-10-05 10:45:54', '1'),
(272, '74462', '172.24.189.197', '2020-10-05 10:45:54', '1'),
(273, '75458', '172.24.189.189', '2020-10-05 10:46:46', '1'),
(274, '75458', '172.24.189.189', '2020-10-05 10:46:46', '1'),
(275, '63553', '172.24.188.70', '2020-10-05 10:47:51', '1'),
(276, '63553', '172.24.188.70', '2020-10-05 10:47:51', '1'),
(277, '75452', '172.24.189.186', '2020-10-05 10:49:00', '1'),
(278, '75452', '172.24.189.186', '2020-10-05 10:49:01', '1'),
(279, '68762', '172.24.189.181', '2020-10-05 10:53:11', '1'),
(280, '68762', '172.24.189.181', '2020-10-05 10:53:11', '1'),
(281, '75015', '172.24.189.187', '2020-10-05 10:55:55', '1'),
(282, '75015', '172.24.189.187', '2020-10-05 10:55:56', '1'),
(283, '45793', '172.24.189.136', '2020-10-05 11:15:19', '1'),
(284, '45793', '172.24.189.136', '2020-10-05 11:15:19', '1'),
(285, '4286', '187.38.62.210', '2020-10-05 11:21:26', '1'),
(286, '4286', '187.38.62.210', '2020-10-05 11:21:26', '1'),
(287, '66532', '187.38.62.210', '2020-10-05 11:22:14', '1'),
(288, '66532', '187.38.62.210', '2020-10-05 11:22:14', '1'),
(289, '45793', '172.24.189.190', '2020-10-05 11:22:19', '1'),
(290, '45793', '172.24.189.190', '2020-10-05 11:22:19', '1'),
(291, '66532', '187.38.62.210', '2020-10-05 13:18:39', '1'),
(292, '66532', '187.38.62.210', '2020-10-05 13:18:39', '1'),
(293, '66532', '187.38.62.210', '2020-10-05 14:28:55', '1'),
(294, '66532', '187.38.62.210', '2020-10-05 14:28:55', '1'),
(295, '75015', '187.38.62.210', '2020-10-05 14:30:09', '1'),
(296, '75015', '187.38.62.210', '2020-10-05 14:30:09', '1'),
(297, '66532', '187.38.62.210', '2020-10-05 20:45:04', '1'),
(298, '66532', '187.38.62.210', '2020-10-05 20:45:04', '1'),
(299, '75015', '172.24.189.187', '2020-10-06 08:57:23', '1'),
(300, '75015', '172.24.189.187', '2020-10-06 08:57:23', '1'),
(301, '66634', '172.24.189.188', '2020-10-06 08:57:49', '1'),
(302, '66634', '172.24.189.188', '2020-10-06 08:57:49', '1'),
(303, '78240', '172.24.189.78', '2020-10-06 10:13:32', '1'),
(304, '78240', '172.24.189.78', '2020-10-06 10:13:32', '1'),
(305, '60107', '172.24.189.71', '2020-10-06 10:19:43', '1'),
(306, '60107', '172.24.189.71', '2020-10-06 10:19:43', '1'),
(307, '78244', '172.24.188.23', '2020-10-06 10:20:28', '1'),
(308, '78244', '172.24.188.23', '2020-10-06 10:20:28', '1'),
(309, '74019', '172.24.188.113', '2020-10-06 10:22:39', '1'),
(310, '74019', '172.24.188.113', '2020-10-06 10:22:40', '1'),
(311, '74468', '172.24.189.102', '2020-10-06 10:24:26', '1'),
(312, '74468', '172.24.189.102', '2020-10-06 10:24:27', '1'),
(313, '41695', '172.24.189.111', '2020-10-06 10:27:26', '1'),
(314, '41695', '172.24.189.111', '2020-10-06 10:27:26', '1'),
(315, '74468', '172.24.189.102', '2020-10-06 11:01:39', '1'),
(316, '74468', '172.24.189.102', '2020-10-06 11:01:39', '1'),
(317, '66634', '172.24.189.188', '2020-10-06 11:19:17', '1'),
(318, '66634', '172.24.189.188', '2020-10-06 11:19:17', '1'),
(319, '80280', '172.24.189.159', '2020-10-06 11:20:22', '1'),
(320, '80280', '172.24.189.159', '2020-10-06 11:20:22', '1'),
(321, '80288', '172.24.189.208', '2020-10-06 11:20:28', '1'),
(322, '80288', '172.24.189.208', '2020-10-06 11:20:28', '1'),
(323, '74307', '172.24.189.137', '2020-10-06 11:21:09', '1'),
(324, '74307', '172.24.189.137', '2020-10-06 11:21:09', '1'),
(325, '74329', '172.24.189.206', '2020-10-06 11:21:14', '1'),
(326, '74329', '172.24.189.206', '2020-10-06 11:21:14', '1'),
(327, '80239', '172.24.189.94', '2020-10-06 11:21:19', '1'),
(328, '80239', '172.24.189.94', '2020-10-06 11:21:19', '1'),
(329, '59752', '172.24.188.177', '2020-10-06 11:21:32', '1'),
(330, '59752', '172.24.188.177', '2020-10-06 11:21:32', '1'),
(331, '74007', '172.24.189.125', '2020-10-06 11:21:38', '1'),
(332, '74007', '172.24.189.125', '2020-10-06 11:21:38', '1'),
(333, '59752', '172.24.188.177', '2020-10-06 11:22:33', '1'),
(334, '59752', '172.24.188.177', '2020-10-06 11:22:33', '1'),
(335, '73566', '172.24.189.128', '2020-10-06 11:22:54', '1'),
(336, '73566', '172.24.189.128', '2020-10-06 11:22:54', '1'),
(337, '59752', '172.24.188.177', '2020-10-06 11:24:09', '1'),
(338, '59752', '172.24.188.177', '2020-10-06 11:24:09', '1'),
(339, '74344', '172.24.189.144', '2020-10-06 11:53:35', '1'),
(340, '74344', '172.24.189.144', '2020-10-06 11:53:35', '1'),
(341, '66532', '187.38.62.210', '2020-10-06 11:56:27', '1'),
(342, '66532', '187.38.62.210', '2020-10-06 11:56:28', '1'),
(343, '6464', '187.38.62.210', '2020-10-06 12:25:39', '1'),
(344, '6464', '187.38.62.210', '2020-10-06 12:25:39', '1'),
(345, '66532', '187.38.62.210', '2020-10-06 12:26:44', '1'),
(346, '66532', '187.38.62.210', '2020-10-06 12:26:44', '1'),
(347, '66532', '187.38.62.210', '2020-10-06 12:28:54', '1'),
(348, '66532', '187.38.62.210', '2020-10-06 12:28:54', '1'),
(349, '7209012', '187.38.62.210', '2020-10-06 12:29:20', '1'),
(350, '7209012', '187.38.62.210', '2020-10-06 12:29:20', '1'),
(351, '66532', '187.38.62.210', '2020-10-06 12:30:30', '1'),
(352, '66532', '187.38.62.210', '2020-10-06 12:30:30', '1'),
(353, '41695', '172.24.189.111', '2020-10-06 13:02:34', '1'),
(354, '41695', '172.24.189.111', '2020-10-06 13:02:34', '1'),
(355, '74468', '172.24.189.102', '2020-10-06 13:21:24', '1'),
(356, '74468', '172.24.189.102', '2020-10-06 13:21:24', '1'),
(357, '66532', '187.38.62.210', '2020-10-06 13:48:29', '1'),
(358, '66532', '187.38.62.210', '2020-10-06 13:48:30', '1'),
(359, '66532', '187.38.62.210', '2020-10-06 14:43:09', '1'),
(360, '66532', '187.38.62.210', '2020-10-06 14:43:09', '1'),
(361, '66532', '187.38.62.210', '2020-10-06 16:55:03', '1'),
(362, '66532', '187.38.62.210', '2020-10-06 16:55:03', '1'),
(363, '66532', '187.38.62.210', '2020-10-06 21:58:35', '1'),
(364, '66532', '187.38.62.210', '2020-10-06 21:58:35', '1'),
(365, '66532', '10.11.74.7', '2020-10-07 09:10:39', '1'),
(366, '66532', '10.11.74.7', '2020-10-07 09:10:39', '1'),
(367, '74658', '172.24.189.4', '2020-10-07 13:30:00', '1'),
(368, '74658', '172.24.189.4', '2020-10-07 13:30:00', '1'),
(369, '66532', '10.11.18.25', '2020-10-07 16:41:14', '1'),
(370, '66532', '10.11.18.25', '2020-10-07 16:41:14', '1'),
(371, '66532', '10.11.18.25', '2020-10-07 18:43:35', '1'),
(372, '66532', '10.11.18.25', '2020-10-07 18:43:35', '1'),
(373, '72361', '172.24.189.105', '2020-10-07 19:53:36', '1'),
(374, '72361', '172.24.189.105', '2020-10-07 19:53:36', '1'),
(375, '78238', '172.24.188.93', '2020-10-07 19:53:43', '1'),
(376, '78238', '172.24.188.93', '2020-10-07 19:53:43', '1'),
(377, '77093', '172.24.189.71', '2020-10-07 20:05:10', '1'),
(378, '77093', '172.24.189.71', '2020-10-07 20:05:10', '1'),
(379, '78242', '172.24.189.100', '2020-10-07 20:06:41', '1'),
(380, '78242', '172.24.189.100', '2020-10-07 20:06:41', '1'),
(381, '77093', '20.10.2.220', '2020-10-07 20:09:09', '1'),
(382, '77093', '20.10.2.220', '2020-10-07 20:09:10', '1'),
(383, '78237', '172.24.189.71', '2020-10-07 20:11:15', '1'),
(384, '78237', '172.24.189.71', '2020-10-07 20:11:16', '1'),
(385, '80218', '172.24.189.111', '2020-10-07 20:11:33', '1'),
(386, '80218', '172.24.189.111', '2020-10-07 20:11:33', '1'),
(387, '73466', '172.24.189.150', '2020-10-07 20:11:47', '1'),
(388, '73466', '172.24.189.150', '2020-10-07 20:11:48', '1'),
(389, '78238', '172.24.188.93', '2020-10-07 20:11:54', '1'),
(390, '78238', '172.24.188.93', '2020-10-07 20:11:54', '1'),
(391, '78238', '172.24.188.93', '2020-10-07 20:11:54', '1'),
(392, '78238', '172.24.188.93', '2020-10-07 20:11:54', '1'),
(393, '80198', '172.24.188.23', '2020-10-07 20:12:10', '1'),
(394, '80198', '172.24.188.23', '2020-10-07 20:12:11', '1'),
(395, '77103', '172.24.189.102', '2020-10-07 20:12:14', '1'),
(396, '77103', '172.24.189.102', '2020-10-07 20:12:14', '1'),
(397, '77093', '172.24.189.71', '2020-10-07 20:12:45', '1'),
(398, '77093', '172.24.189.71', '2020-10-07 20:12:45', '1'),
(399, '80214', '20.10.2.220', '2020-10-07 20:13:01', '1'),
(400, '80214', '20.10.2.220', '2020-10-07 20:13:01', '1'),
(401, '78246', '20.10.2.220', '2020-10-07 20:14:01', '1'),
(402, '78246', '20.10.2.220', '2020-10-07 20:14:01', '1'),
(403, '77093', '172.24.189.71', '2020-10-08 16:54:53', '1'),
(404, '77093', '172.24.189.71', '2020-10-08 16:54:53', '1'),
(405, '66532', '187.38.62.210', '2020-10-09 18:30:40', '1'),
(406, '66532', '187.38.62.210', '2020-10-09 18:30:41', '1'),
(407, '66532', '187.38.62.210', '2020-10-12 22:15:56', '1'),
(408, '66532', '187.38.62.210', '2020-10-12 22:15:56', '1'),
(409, '46350', '172.24.189.24', '2020-10-13 16:02:42', '1'),
(410, '46350', '172.24.189.24', '2020-10-13 16:02:42', '1'),
(411, '66532', '10.11.18.25', '2020-10-13 16:32:47', '1'),
(412, '66532', '10.11.18.25', '2020-10-13 16:32:47', '1'),
(413, '66532', '10.11.18.25', '2020-10-13 18:19:58', '1'),
(414, '66532', '10.11.18.25', '2020-10-13 18:19:59', '1'),
(415, '80204', '20.10.2.220', '2020-10-13 19:02:06', '1'),
(416, '80204', '20.10.2.220', '2020-10-13 19:02:06', '1'),
(417, '66532', '187.38.62.210', '2020-10-14 19:07:01', '1'),
(418, '66532', '187.38.62.210', '2020-10-14 19:07:01', '1'),
(419, '66532', '10.11.18.25', '2020-10-15 18:51:07', '1'),
(420, '66532', '10.11.18.25', '2020-10-15 18:51:07', '1'),
(421, '66532', '187.38.62.210', '2020-10-17 22:28:01', '1'),
(422, '66532', '187.38.62.210', '2020-10-17 22:28:02', '1'),
(423, '66532', '187.38.62.210', '2020-10-20 20:09:08', '1'),
(424, '66532', '187.38.62.210', '2020-10-20 20:09:08', '1'),
(425, '66532', '187.38.62.210', '2020-10-22 13:05:30', '1'),
(426, '66532', '187.38.62.210', '2020-10-22 13:05:30', '1'),
(427, '66532', '187.38.62.210', '2020-10-26 18:41:34', '1'),
(428, '66532', '187.38.62.210', '2020-10-26 18:41:34', '1'),
(429, '66532', '10.11.98.13', '2020-10-27 11:32:21', '1'),
(430, '66532', '10.11.98.13', '2020-10-27 11:32:21', '1'),
(431, '66532', '10.11.98.13', '2020-10-27 11:36:18', '1'),
(432, '66532', '10.11.98.13', '2020-10-27 11:36:18', '1'),
(433, '66532', '::1', '2020-10-27 16:40:15', '1'),
(434, '66532', '::1', '2020-10-27 16:40:15', '1'),
(435, '66532', '::1', '2020-11-11 11:48:23', '1'),
(436, '66532', '::1', '2020-11-11 11:48:23', '1'),
(437, '66532', '::1', '2020-11-17 12:15:54', '1'),
(438, '66532', '::1', '2020-11-17 12:15:54', '1'),
(439, '66532', '::1', '2020-11-18 11:26:29', '1'),
(440, '66532', '::1', '2020-11-18 11:26:29', '1'),
(441, '66532', '::1', '2020-11-18 12:02:28', '1'),
(442, '66532', '::1', '2020-11-18 12:02:28', '1'),
(443, '66532', '::1', '2020-11-18 12:08:53', '1'),
(444, '66532', '::1', '2020-11-18 12:08:54', '1'),
(445, '66532', '::1', '2020-11-23 19:32:01', '1'),
(446, '66532', '::1', '2020-11-23 19:32:02', '1'),
(447, '66532', '::1', '2020-12-07 20:24:31', '1'),
(448, '66532', '::1', '2020-12-07 20:24:32', '1'),
(449, '66532', '::1', '2020-12-21 12:18:13', '1'),
(450, '66532', '::1', '2020-12-21 12:18:13', '1'),
(451, '66532', '::1', '2020-12-22 14:40:56', '1'),
(452, '66532', '::1', '2020-12-22 14:40:56', '1'),
(453, '66532', '::1', '2020-12-22 14:54:26', '1'),
(454, '66532', '::1', '2020-12-22 14:54:27', '1'),
(455, '66532', '::1', '2020-12-22 14:54:58', '1'),
(456, '66532', '::1', '2020-12-22 14:54:58', '1'),
(457, '66532', '::1', '2020-12-22 14:58:32', '1'),
(458, '66532', '::1', '2020-12-22 14:58:33', '1'),
(459, '66532', '::1', '2020-12-22 15:03:54', '1'),
(460, '66532', '::1', '2020-12-22 15:03:54', '1'),
(461, '66532', '::1', '2020-12-22 15:12:13', '1'),
(462, '66532', '::1', '2020-12-22 15:12:13', '1'),
(463, '66532', '::1', '2020-12-22 15:12:49', '1'),
(464, '66532', '::1', '2020-12-22 15:12:50', '1'),
(465, '66532', '::1', '2020-12-22 15:14:47', '1'),
(466, '66532', '::1', '2020-12-22 15:14:47', '1'),
(467, '66532', '::1', '2020-12-22 15:18:19', '1'),
(468, '66532', '::1', '2020-12-22 15:18:19', '1'),
(469, '66532', '::1', '2020-12-22 16:19:40', '1'),
(470, '66532', '::1', '2020-12-22 16:19:40', '1'),
(471, '66532', '::1', '2020-12-22 17:05:59', '1'),
(472, '66532', '::1', '2020-12-22 17:05:59', '1'),
(473, '66532', '::1', '2020-12-22 17:07:54', '1'),
(474, '66532', '::1', '2020-12-22 17:07:54', '1'),
(475, '66532', '::1', '2020-12-22 18:09:12', '1'),
(476, '66532', '::1', '2020-12-22 18:09:12', '1'),
(477, '66532', '::1', '2020-12-22 18:11:41', '1'),
(478, '66532', '::1', '2020-12-22 18:11:41', '1'),
(479, '66532', '::1', '2020-12-22 18:18:35', '1'),
(480, '66532', '::1', '2020-12-22 18:18:35', '1'),
(481, '66532', '::1', '2020-12-22 18:19:03', '1'),
(482, '66532', '::1', '2020-12-22 18:19:04', '1'),
(483, '66532', '::1', '2020-12-22 18:19:40', '1'),
(484, '66532', '::1', '2020-12-22 18:19:41', '1'),
(485, '66532', '::1', '2020-12-22 18:21:26', '1'),
(486, '66532', '::1', '2020-12-22 18:21:27', '1'),
(487, '66532', '::1', '2020-12-22 18:23:51', '1'),
(488, '66532', '::1', '2020-12-22 18:23:51', '1'),
(489, '66532', '::1', '2020-12-22 18:31:42', '1'),
(490, '66532', '::1', '2020-12-22 18:31:42', '1'),
(491, '66532', '::1', '2020-12-22 18:38:42', '1'),
(492, '66532', '::1', '2020-12-22 18:38:42', '1'),
(493, '66532', '::1', '2020-12-22 18:39:41', '1'),
(494, '66532', '::1', '2020-12-22 18:39:41', '1'),
(495, '66532', '::1', '2020-12-22 18:41:41', '1'),
(496, '66532', '::1', '2020-12-22 18:41:41', '1'),
(497, '66532', '::1', '2020-12-22 18:43:44', '1'),
(498, '66532', '::1', '2020-12-22 18:43:44', '1'),
(499, '66532', '::1', '2020-12-22 18:59:05', '1'),
(500, '66532', '::1', '2020-12-22 18:59:05', '1');

-- --------------------------------------------------------

--
-- Estrutura da tabela `tb_menus`
--

CREATE TABLE `tb_menus` (
  `id_menu` int(11) NOT NULL,
  `menu_name` varchar(250) NOT NULL,
  `link` varchar(100) NOT NULL,
  `menu_icon` varchar(250) NOT NULL,
  `id_level` int(10) NOT NULL,
  `lib_pub` int(11) NOT NULL
) ENGINE=InnoDB DEFAULT CHARSET=latin1;

--
-- Extraindo dados da tabela `tb_menus`
--

INSERT INTO `tb_menus` (`id_menu`, `menu_name`, `link`, `menu_icon`, `id_level`, `lib_pub`) VALUES
(1, '', 'index.php?pg=index', '\r\n', 1, 1),
(2, 'Publicações', 'index.php?class=ListPost', 'fa fa-newspaper-o\r\n', 1, 1),
(3, 'Criar Postagem', 'index.php?class=PostForm', 'fa fa-plus-square', 1, 0),
(4, 'Novo Usuario', 'index.php?class=UsuarioForm', 'fa fa-user-plus\r\n\r\n\r\n', 1, 0),
(5, 'Gráficos', 'index.php?class=ViewData', 'fa fa-bar-chart \r\n', 1, 1),
(6, 'Gerar Relatório', 'index.php?class=DataSetCSV', 'fa fa-cloud-download', 1, 0),
(7, 'Usuários', 'index.php?class=UserAll', 'fa fa-user	', 1, 1);

-- --------------------------------------------------------

--
-- Estrutura da tabela `tb_permission`
--

CREATE TABLE `tb_permission` (
  `id` int(11) NOT NULL,
  `id_level` int(11) DEFAULT NULL,
  `id_menu` int(11) NOT NULL,
  `lib_pub` int(11) DEFAULT NULL
) ENGINE=InnoDB DEFAULT CHARSET=utf8;

--
-- Extraindo dados da tabela `tb_permission`
--

INSERT INTO `tb_permission` (`id`, `id_level`, `id_menu`, `lib_pub`) VALUES
(1, 1, 1, 1),
(2, 1, 2, 1),
(3, 1, 3, 2),
(4, 1, 4, 2),
(5, 2, 1, 1),
(6, 2, 2, 1),
(7, 2, 3, 1),
(8, 2, 4, 1),
(9, 3, 1, 1),
(10, 3, 2, 1),
(11, 3, 3, 2),
(12, 3, 4, 2),
(13, 2, 5, 1),
(14, 3, 5, 2),
(15, 2, 6, 1),
(16, 3, 6, 1),
(17, 1, 6, 2),
(18, 1, 7, 2),
(19, 2, 7, 1),
(20, 3, 7, 2);

-- --------------------------------------------------------

--
-- Estrutura da tabela `tb_posts`
--

CREATE TABLE `tb_posts` (
  `id` int(11) NOT NULL,
  `titulo_post` varchar(100) DEFAULT NULL,
  `id_type_post` int(11) NOT NULL,
  `id_product` int(11) NOT NULL,
  `path_post` varchar(100) DEFAULT NULL,
  `comments` text,
  `date_post` datetime DEFAULT CURRENT_TIMESTAMP,
  `p_status` tinyint(4) NOT NULL
) ENGINE=InnoDB DEFAULT CHARSET=utf8;

--
-- Extraindo dados da tabela `tb_posts`
--

INSERT INTO `tb_posts` (`id`, `titulo_post`, `id_type_post`, `id_product`, `path_post`, `comments`, `date_post`, `p_status`) VALUES
(6, '#\r\nlet\'s change the world with js', 1, 2, '16086692062012225fe258163af04.png', '', '2020-12-22 17:33:26', 1),
(13, '#WhoLanguageFavoritePrograming', 1, 6, '16086734442012225fe268a46d18c.jpg', '', '2020-12-22 18:44:04', 1);

-- --------------------------------------------------------

--
-- Estrutura da tabela `tb_product`
--

CREATE TABLE `tb_product` (
  `id_product` int(11) NOT NULL,
  `name_product` varchar(100) NOT NULL
) ENGINE=InnoDB DEFAULT CHARSET=utf8;

--
-- Extraindo dados da tabela `tb_product`
--

INSERT INTO `tb_product` (`id_product`, `name_product`) VALUES
(1, 'Python'),
(2, 'Javascript'),
(3, 'Php'),
(4, 'C#'),
(5, 'Java'),
(6, 'Todos');

-- --------------------------------------------------------

--
-- Estrutura da tabela `tb_question`
--

CREATE TABLE `tb_question` (
  `id` int(11) NOT NULL,
  `id_post` int(11) DEFAULT NULL,
  `description_question` text NOT NULL,
  `text_input` int(11) DEFAULT '0'
) ENGINE=InnoDB DEFAULT CHARSET=utf8;

--
-- Extraindo dados da tabela `tb_question`
--

INSERT INTO `tb_question` (`id`, `id_post`, `description_question`, `text_input`) VALUES
(27, 6, '1) Qual a saída no console ao executar o código acima ?', 0),
(32, 13, 'Qual sua linguagem de programação favorita ?', 0);

-- --------------------------------------------------------

--
-- Estrutura da tabela `tb_questions_recorded`
--

CREATE TABLE `tb_questions_recorded` (
  `id` int(11) NOT NULL,
  `id_users` varchar(40) NOT NULL,
  `id_post` int(11) DEFAULT NULL,
  `id_question` int(11) NOT NULL,
  `id_answers` int(11) NOT NULL,
  `comment` varchar(200) DEFAULT 'NULL',
  `commet_justify` text
) ENGINE=InnoDB DEFAULT CHARSET=utf8;

--
-- Extraindo dados da tabela `tb_questions_recorded`
--

INSERT INTO `tb_questions_recorded` (`id`, `id_users`, `id_post`, `id_question`, `id_answers`, `comment`, `commet_justify`) VALUES
(1, '1', 6, 27, 85, 'NULL', NULL),
(2, '1', 9, 29, 96, 'NULL', NULL),
(3, '1', 12, 31, 103, 'NULL', NULL),
(4, '1', 13, 32, 106, 'NULL', NULL);

-- --------------------------------------------------------

--
-- Estrutura da tabela `tb_type_extension`
--

CREATE TABLE `tb_type_extension` (
  `id_type_extension` int(11) NOT NULL,
  `name_type_extension` varchar(150) NOT NULL
) ENGINE=InnoDB DEFAULT CHARSET=utf8;

--
-- Extraindo dados da tabela `tb_type_extension`
--

INSERT INTO `tb_type_extension` (`id_type_extension`, `name_type_extension`) VALUES
(1, 'video'),
(2, 'imagem'),
(3, 'Informação');

-- --------------------------------------------------------

--
-- Estrutura da tabela `tb_type_post`
--

CREATE TABLE `tb_type_post` (
  `id_type_post` int(11) NOT NULL,
  `name_type_post` varchar(80) NOT NULL
) ENGINE=InnoDB DEFAULT CHARSET=utf8;

--
-- Extraindo dados da tabela `tb_type_post`
--

INSERT INTO `tb_type_post` (`id_type_post`, `name_type_post`) VALUES
(1, 'Campanha'),
(2, 'Quizz'),
(3, 'Novidade');

-- --------------------------------------------------------

--
-- Estrutura da tabela `tb_type_questions`
--

CREATE TABLE `tb_type_questions` (
  `id_type_questions` int(11) NOT NULL,
  `name_type_questions` varchar(150) NOT NULL
) ENGINE=InnoDB DEFAULT CHARSET=utf8;

--
-- Extraindo dados da tabela `tb_type_questions`
--

INSERT INTO `tb_type_questions` (`id_type_questions`, `name_type_questions`) VALUES
(0, 'Apenas Informativo'),
(1, 'Alternativa'),
(2, 'Dissertativa');

-- --------------------------------------------------------

--
-- Estrutura da tabela `tb_users`
--

CREATE TABLE `tb_users` (
  `id` int(11) NOT NULL,
  `login_user` varchar(40) DEFAULT NULL,
  `name_user` varchar(100) DEFAULT NULL,
  `pass_user` varchar(80) DEFAULT NULL,
  `id_companies` int(11) NOT NULL,
  `id_level` int(11) NOT NULL,
  `id_product` int(11) NOT NULL,
  `usr_update_pws` char(10) DEFAULT 'NAO'
) ENGINE=InnoDB DEFAULT CHARSET=utf8;

--
-- Extraindo dados da tabela `tb_users`
--

INSERT INTO `tb_users` (`id`, `login_user`, `name_user`, `pass_user`, `id_companies`, `id_level`, `id_product`, `usr_update_pws`) VALUES
(1, '66532', 'Valdir', '$2y$10$XKMgJj8oxQy8TQ1KHmjyS.ZN4CLb6jmb6Sv46soVSp7v5f0DjjtHC', 1, 2, 1, 'SIM'),
(2, '80202', 'AMANDA MAIELLI CHAVES', '$2y$10$mRB1bI.35plCdYS7pC7hDuXKOiJo3n05fAbZp97Blj5p6kESkoEiG', 1, 1, 2, 'NAO'),
(3, '80194', 'AMILTON MONTEIRO DA SILVA', '$2y$10$tfNrscfg5LncEne4PWRavudCGPal86h4f.4Ud2e6iBIDc0RmUFdQq', 1, 1, 2, 'SIM'),
(4, '80204', 'AUANNY FRANCISCO DOS SANTOS', '$2y$10$g3M.EZdX.QlI0fmQVQMvIO3L6W9vsaxXVeLQWsQBqKo0WjMtABBIi', 1, 1, 2, 'SIM'),
(5, '80219', 'CAROLINE DE FATIMA RODRIGUES', '$2y$10$otBzEChCgB9Z5iqXWQIKs.tUmBiSOkTBnUOrxt2AP.FdKNFFI0Cya', 1, 1, 2, 'SIM'),
(6, '80210', 'DAIANY SOUZA DOS SANTOS', '$2y$10$OmXKEQg.IYZS85v79NcLHufEREYYjRRAJO6d3Z0ZtO7MdCdGm/Tn.', 1, 1, 2, 'SIM'),
(7, '73053', 'KIMBERLYN KAROLINE DA SILVA OLIVEIRA', '$2y$10$mRB1bI.35plCdYS7pC7hDuXKOiJo3n05fAbZp97Blj5p6kESkoEiG', 1, 1, 2, 'NAO'),
(8, '74354', 'JEANINE RAMOS OLIVEIRA DA SILVA SILVA', '$2y$10$mRB1bI.35plCdYS7pC7hDuXKOiJo3n05fAbZp97Blj5p6kESkoEiG', 1, 1, 2, 'NAO'),
(9, '73561', 'ITALO CARVALHO PRADO', '$2y$10$ha7ufEewg9adIrUn96OtROJHFcLY0f5nO.6dB5DKyrbBeCh0wIvMe', 1, 1, 2, 'SIM'),
(10, '77096', 'JOICE CRISTINA SANTOS DE OLIVEIRA', '$2y$10$vVlK9m7IZvIyn0hFEy0WyezjRZeBA1Ohu0xfzw8xaMKHx5lQx824C', 1, 1, 2, 'SIM'),
(11, '74449', 'ALEX AUGUSTO', '$2y$10$mRB1bI.35plCdYS7pC7hDuXKOiJo3n05fAbZp97Blj5p6kESkoEiG', 1, 1, 2, 'NAO'),
(12, '74352', 'LIDIA URENHA TEIXEIRA', '$2y$10$.6sR5SUBLl5q6vb387G3M.BfuM5167IY4JGFIrejGlM/QAXUMZXDm', 1, 1, 2, 'SIM'),
(13, '74456', 'JULIA MARONE FIGUEIREDO', '$2y$10$njLurVyTMXJ8c2Mj43dB7.mlfGNvQAZ9mG14FIm/DitBjm.x..jui', 1, 1, 2, 'SIM'),
(14, '77105', 'MATHEUS GOMES RODRIGUES DA SILVA', '$2y$10$g5EVHz5B1xPn4TSq/OQW8ux3jD0QXiNGFlfZeOTdOk7wdJhkqNEBK', 1, 1, 2, 'SIM'),
(15, '77095', 'GABRIEL NEVES DE AMURIM', '$2y$10$.RU2paNHLpRGUAomOlf5cONEADqP1KiuzanjrDCpbJHFyHY/h2MSe', 1, 1, 2, 'SIM'),
(16, '74452', 'GISLAINE SILVA DOS SANTOS', '$2y$10$ZG4vNj6R39yxigIlUGA.mOvEzSmtM2JWAhRu57DA7oPBPtHd3GDZy', 1, 1, 2, 'SIM'),
(17, '74368', 'FELIPE SANTOS DA SILVA', '$2y$10$7DbDnQM7G6Aiu88sZ4WxKetMAOsLQ065fY.OzcEoslO7TmD.3EA/C', 1, 1, 2, 'SIM'),
(18, '77108', 'GABRIEL TEIXEIRA COIMBRA', '$2y$10$bD7ue.hiiNWig9XjgPiFs.0JzQZjsY6h8nlOhTKI2eXtQ0ZZ/T4x6', 1, 1, 2, 'SIM'),
(19, '74455', 'ELIDE SIQUEIRA BARROS', '$2y$10$dED8aHKiGAl4n5nGnwvw1eiEpCFQisuEFwjrF9JHTl9RBU7XT4OfW', 1, 1, 2, 'SIM'),
(20, '74369', 'PALOMA MIRANDA DA SILVA', '$2y$10$XIiNT7rE6zmGh1Na/1Gad.aivD671bDDyGw8QeDdAfKZWRiWf.LRy', 1, 1, 2, 'SIM'),
(21, '74377', 'YASMIN PORTO DA SILVA', '$2y$10$VGV4ryqq8KovYHrCnrTzYet82vJP2H5I01bExZmr6vUhKPyCUcE0W', 1, 1, 2, 'SIM'),
(22, '77098', 'JOSIELI OLIVEIRA DE SOUZA', '$2y$10$mRB1bI.35plCdYS7pC7hDuXKOiJo3n05fAbZp97Blj5p6kESkoEiG', 1, 1, 2, 'NAO'),
(23, '77094', 'NICOLE EVANGELISTA SANTOS', '$2y$10$pFwk/uIdtz3a/fydBQF/deaHR5hI0f0CYTOG2mB4J4p5YRjrZ0bs6', 1, 1, 2, 'SIM'),
(24, '62912', 'CARLA BERNARDES LETIER', '$2y$10$VN12FJke7YUT3/loXicjnuMJIB1JkhTOTmGPhpYRUh3HgZE6cPEva', 1, 1, 2, 'SIM'),
(25, '73205', 'LETICIA SILVA DE ALMEIDA', '$2y$10$nE4rtFKUDoILYH5tZAcYAuhc3kK.ATAWt0lu668iTrot.vI7jLAFC', 1, 1, 2, 'SIM'),
(26, '73955', 'LEA CRISTINA FELICIANO LOPES RIBEIRO MENINO', '$2y$10$c4fvjiewpsS2KyknJdWcDegBVqMEaUVNjfEs0vqmJoagkKxGgA3rW', 1, 1, 2, 'SIM'),
(27, '74467', 'ANGELICA REZENDE LIMA BERGSTRAN', '$2y$10$D2Qp4cdpwvWbFwo9ReW5H.mf6qspw97yaELHcjBrEYrt8Oi71CgUe', 1, 1, 2, 'SIM'),
(28, '75015', 'VANIA FRANCA FERREIRA', '$2y$10$US6eFp8IR3Ch0W2Nr0IoJ.4PujoWKw.3BRCUCqTyw0o8bfWFcHekW', 1, 1, 2, 'SIM'),
(29, '72618', 'JANE FIRMINO FRANCISCO DA SILVA', '$2y$10$GiCn/LssO3OqQN4AkyN5B.cLjY4fL9KKAxo1cfMECxeA9uEyOWaTG', 1, 1, 2, 'SIM'),
(30, '72650', 'HAYRA GOME SILVA', '$2y$10$pVUFQ6BOjonp5rQKuBI2gezlkWrsSOpScRrk46NMinGJ/yN6.sczm', 1, 1, 2, 'SIM'),
(31, '74343', 'CLAUDIA APARECIDA TULES DE FRANCA', '$2y$10$AmOKIO8lqNIiPqJpymj2mu7FjoO3wDYETCisZ.QTFMNSms1fDdhGW', 1, 1, 2, 'SIM'),
(32, '74310', 'NATHALYA PAIVA SILVA ALVES', '$2y$10$GDJhHLdcFXtr7aRnEILZCOkF.F3i68QI5DSgZCtxl8hVF5UPDRp8S', 1, 1, 2, 'SIM'),
(33, '74361', 'ESTEFANI PEIXOTO DA SILVA', '$2y$10$ttKQBfIUuf0SVHki31xRjecRtTpFDVw7iq55X2yvArYzWJe4fIvwG', 1, 1, 2, 'SIM'),
(34, '74333', 'BEATRIZ DO NASCIMENTO PEREIRA', '$2y$10$mzTOAzWngt3psq1ZuzzGX.HAKilzvW913a9tBm2YCAj60vwxpELTy', 1, 1, 2, 'SIM'),
(35, '75448', 'GABRIEL DIAS GOMES DOS SANTOS', '$2y$10$9ngwQyFIZQRRn47SRCsnUuzRZIBb1YT0rzJqf5tPc4ZfutAegRLSO', 1, 1, 2, 'SIM'),
(36, '75452', 'ISADORA MIRANDA DO NASCIMENTO', '$2y$10$8K/nCTf9gwe34ULPwRsUYeprcV4Jiz64zPVkwF5hbqHiE1kaPJQHC', 1, 1, 2, 'SIM'),
(37, '75447', 'IASMIN LOPES DA SILVA', '$2y$10$mRB1bI.35plCdYS7pC7hDuXKOiJo3n05fAbZp97Blj5p6kESkoEiG', 1, 1, 2, 'NAO'),
(38, '71824', 'SABRINA APARECIDA SANTOS DO NASCIMENTO', '$2y$10$mRB1bI.35plCdYS7pC7hDuXKOiJo3n05fAbZp97Blj5p6kESkoEiG', 1, 1, 2, 'NAO'),
(39, '48665', 'MARIA LUCIA DA SILVA RIBEIRO', '$2y$10$4Xlu2CcxtBamC2XenqL2DeSIGkOKNPCaJ4BsW1QTEAoQFHmw5nVOW', 1, 1, 2, 'SIM'),
(40, '45793', 'KEYLA KERCIA DA SILVA MIRANDA', '$2y$10$iEWYvl4/Tzk7WfZzkJm9mePa6uLf81F68nTUmbqIy1wlNoreTEeb2', 1, 1, 2, 'NAO'),
(41, '68762', 'ROSELI AQUIMOTO DA SILVA', '$2y$10$HSZI79Pt1BN3bQ6v.skBbeNJzNXwPnFIHWKiojZjlMpQ3cpr3W9mu', 1, 1, 2, 'SIM'),
(42, '75458', 'ROBERTO FRANCISCO DA SILVA', '$2y$10$HdQgVgHeYdhlrw8CJ3i3UOSxRt7Qi/8ovZB4CxSYsgs8kJlxuQzHG', 1, 1, 2, 'SIM'),
(43, '74447', 'DANIELA NUNES SOARES DA SILVA', '$2y$10$mRB1bI.35plCdYS7pC7hDuXKOiJo3n05fAbZp97Blj5p6kESkoEiG', 1, 1, 2, 'NAO'),
(44, '74439', 'JENNIFER LIMA BATISTA', '$2y$10$44tR9Ea9vm9AzlAvJ8J56eb1D8Q9DDatb9woF3PJcsBtVXzZ2ygoi', 1, 1, 2, 'SIM'),
(45, '66634', 'LUANA DOS SANTOS LIRA', '$2y$10$N3Iu3cn7xj5VzgK2BOJyvOPcPE.iTwpsNhFV88GyZ.J3cHUd.6Tcm', 1, 1, 2, 'SIM'),
(46, '60649', 'MARIA DALILA JACO DA ROCHA', '$2y$10$OHd/ZUbsSVMJ4g6hwLlrE.OSAqs6jK.7KWPPgAgg8IL5li3V.s1Ba', 1, 1, 2, 'SIM'),
(47, '75341', 'MAYARA CEZARETTI RIBEIRO PINTO', '$2y$10$mRB1bI.35plCdYS7pC7hDuXKOiJo3n05fAbZp97Blj5p6kESkoEiG', 1, 1, 2, 'NAO'),
(48, '65268', 'RICARDO AUGUSTO DE PAULA VITOR', '$2y$10$dHKip816vmudHAKVjuftuOCMz6aGmWMCny38eFVVkWTRPRzMyIulq', 1, 1, 2, 'NAO'),
(49, '74342', 'ISABEL EROZIDIA RIBEIRO MARTINS', '$2y$10$dHKip816vmudHAKVjuftuOCMz6aGmWMCny38eFVVkWTRPRzMyIulq', 1, 1, 2, 'NAO'),
(50, '74469', 'RENATA ROCHA DA SILVA', '$2y$10$Z7pv9PP/9/eacGni57GCvuZ8Jr7Hjatexav0V9GjO0/46NkYdxPOu', 1, 1, 2, 'SIM'),
(51, '74471', 'JACKELLINE FERNANDES PEREIRA', '$2y$10$ShaaTp/5JNwBEYng/mJmjeIvpu4fxjQyDFu8u1dezWgL3P8G2LjJi', 1, 1, 2, 'SIM'),
(52, '74462', 'BEATRIZ FERREIRA DA SILVA', '$2y$10$x.vv3lvlMBW31pVsbCx7HeFK1/0XAEdHX6rsD7LLgYDNvh3tG618q', 1, 1, 2, 'SIM'),
(53, '74473', 'EDILSON DE SOUZA PEREIRA', '$2y$10$kGVa5juh3D4/dnTFsQhevOwpXX1bkwQYm2YzYvCY5.C7KSC1VSdNq', 1, 1, 2, 'SIM'),
(54, '63553', 'LUCIENE DA SILVA NOVAES', '$2y$10$NwbDv.8/Oo3cGG4UdlwG8ufl9fZexRFj8Tuf3uiAYIPq8pbjYQQIq', 1, 1, 2, 'SIM'),
(55, '43472', 'CAMILA FERNANDES FRANCO DA SILVA', '$2y$10$YO5ogg74MnblDkTeZ9SCSuLUYgKMNrFAzHF7Q4D0Y2bNxZaby6BZ6', 1, 1, 2, 'SIM'),
(56, '74367', 'ROSELAINE AMBROZIO', '$2y$10$Qy/tsfHmkOw2UVO420vIVu1vHUj4etsF0BxLCRdhxnMvB3giQu.oe', 1, 1, 2, 'SIM'),
(57, '74448', 'ANA CRISTINA DE OLIVEIRA', '$2y$10$cwBc7pfz.f/xxjyXPWnv5.cBZz8Y9Q31vvHLr5H99f3cM/vDM2lFm', 1, 1, 2, 'SIM'),
(58, '74355', 'LUANA FELIX DE SOUZA PRATES', '$2y$10$mRB1bI.35plCdYS7pC7hDuXKOiJo3n05fAbZp97Blj5p6kESkoEiG', 1, 1, 2, 'NAO'),
(59, '74306', 'CARLOS EDUARDO HUSCA', '$2y$10$4wE4LhDA6XnFY.wRJHx61uvL7xti1wv6nWSaYBS6MLn.E98UNr9Z6', 1, 1, 2, 'SIM'),
(60, '77110', 'JESSICA MARCELINA DA SILVA', '$2y$10$r9edxtDT.cCzGmYTejZUaOVNEI4BdQH.nUotRudom05VeEGzUgug6', 1, 1, 2, 'SIM'),
(61, '60757', 'ROSANA DA SILVA MATIAS', '$2y$10$mRB1bI.35plCdYS7pC7hDuXKOiJo3n05fAbZp97Blj5p6kESkoEiG', 1, 1, 2, 'NAO'),
(62, '77097', 'GIOVANNA JULIA DA SILVA CAVALCANTE', '$2y$10$kffMKirpzL74IsM5PG5ZJe88OHfC0.HsieoyE5Lze.rSh6LRt1ASC', 1, 1, 2, 'SIM'),
(63, '77101', 'EZEQUIEL DA SILVA PINTO', '$2y$10$8.WMSAKty4KHlWcSpJawaeapA3kv39aHS3iobiwJqiHYrjd3wB4s6', 1, 1, 2, 'SIM'),
(64, '46114', 'JULIANA TORRES DA SILVA', '$2y$10$mRB1bI.35plCdYS7pC7hDuXKOiJo3n05fAbZp97Blj5p6kESkoEiG', 1, 1, 2, 'NAO'),
(65, '74340', 'JAYNE GLEISE ROCHA', '$2y$10$Lv/4ou/jhWra9b.ThGWhWOaC8LuVeGz977C4l4apsFPtbXZRQaSce', 1, 1, 2, 'SIM'),
(66, '59629', 'MARCELO EGIDIO DA SILVA', '$2y$10$I/yGarks9BzOYHVVWA29quZXAYYR0kFZDe0sN5aczH77TkenAthRu', 1, 1, 2, 'SIM'),
(67, '75419', 'ALINE GIANINI XAVIER', '$2y$10$1qYZvyb9/ofP.J6D6wF5i.iXnF9EmWDLDa9H3th3s0kg8PjBeq.lW', 1, 1, 2, 'SIM'),
(68, '80209', 'FABIANA FERNANDES COQUEIRO', '$2y$10$Qj15VXQkTRgPbJIYoG6eYOeRNxeStIU88m2ryDD4TqFtQSHGSA6qu', 1, 1, 2, 'SIM'),
(69, '80225', 'FELIPE QUEIROZ DOS ANJOS', '$2y$10$O3.dSCI0O/YBTmpn4EZIdu1CZJP4baQsIhub8ABxpYru0wy/SNfNa', 1, 1, 2, 'SIM'),
(70, '80198', 'JENNIFER PIRES DE AZEVEDO', '$2y$10$UWu1cAYr6Ghbd9KF0At2Qe2zxb0pJNulpJFfxJVlSlPy/gmFPrGru', 1, 1, 2, 'SIM'),
(71, '80214', 'JOCIMARY DE JESUS OLIVEIRA ALVES', '$2y$10$NUZ645YCcL/FvZpC2qxjBussU1K0wiu/d0qOUst8pAEyZWiRTPXre', 1, 1, 2, 'SIM'),
(72, '80201', 'JULIA MARIA DA ROCHA DA SILVA', '$2y$10$mRB1bI.35plCdYS7pC7hDuXKOiJo3n05fAbZp97Blj5p6kESkoEiG', 1, 1, 2, 'NAO'),
(73, '80218', 'KATARINA BETENCOURT DOS SANTOS', '$2y$10$0yCnyRO8EAOEn.B39vaTluX6InUlGs/tkQ/VPlB8vksEs8d6qqAOW', 1, 1, 2, 'SIM'),
(74, '80197', 'KATHLEEN MORAIS DA SILVA', '$2y$10$/qC/lxLzY6D2UBsCo4p62.gUt2JuhlcdQO.hNduVzBzHaC3FyeRuS', 1, 1, 2, 'SIM'),
(75, '80196', 'LAIS RODRIGUES DOS SANTOS', '$2y$10$5JknrR2qv/5jy6BIssNNUuo9QP8rDkyBWH8pnzuvJmrGDcoVsgHm2', 1, 1, 2, 'SIM'),
(76, '80199', 'LUCIMAR CONCEICAO BORGES', '$2y$10$/V.n.0djDse4wU12svZdO.3Q2TbBXE47apQKMgMdIEYbxiKoXHECu', 1, 1, 2, 'SIM'),
(77, '74019', 'JAMILLY RIBEIRO DOS SANTOS', '$2y$10$t0UJblUfRIiqbQdDmUM3m.t.2UzgfivHVcX1X83Mr9h4uuyHYLNYa', 1, 1, 2, 'SIM'),
(78, '73962', 'JANAINA ARAUJO BERNARDINO DA CRUZ', '$2y$10$mRB1bI.35plCdYS7pC7hDuXKOiJo3n05fAbZp97Blj5p6kESkoEiG', 1, 1, 2, 'NAO'),
(79, '60107', 'FLAVIA GOMES COUTINHO', '$2y$10$zlfFwX2Og.SxvVnIP40gYu0bMmHahRzw96QIr.aHtrlz3OIDx2eui', 1, 1, 2, 'SIM'),
(80, '52700', 'AMANDA SOUSA DOS SANTOS', '$2y$10$mRB1bI.35plCdYS7pC7hDuXKOiJo3n05fAbZp97Blj5p6kESkoEiG', 1, 1, 2, 'NAO'),
(81, '55673', 'NATHALIE BILLIZARIO DE PAULA', '$2y$10$IQxROM3eBxg/sa.RTrWMUuiow.zDmNowWfKwRydY2BQJyZ5Rw5kRq', 1, 1, 2, 'SIM'),
(82, '53615', 'LUANA GOMES OLIVEIRA', '$2y$10$mRB1bI.35plCdYS7pC7hDuXKOiJo3n05fAbZp97Blj5p6kESkoEiG', 1, 1, 2, 'NAO'),
(83, '39142', 'ANDRESSA DA SILVA RODRIGUES', '$2y$10$mRB1bI.35plCdYS7pC7hDuXKOiJo3n05fAbZp97Blj5p6kESkoEiG', 1, 1, 2, 'NAO'),
(84, '58027', 'WELLINGTON DANTAS BULHERJAN SANTOS', '$2y$10$uwE9rXYkTJrhIdqGyVLa8O5Wr9sCd/o4da7vDLoCTsF2pvareekmq', 1, 1, 2, 'SIM'),
(85, '73269', 'JESSICA NATASHA SANTOS DA SILVA', '$2y$10$mRB1bI.35plCdYS7pC7hDuXKOiJo3n05fAbZp97Blj5p6kESkoEiG', 1, 1, 2, 'NAO'),
(86, '78240', 'CRISTINA FERREIRA DOS SANTOS', '$2y$10$.L3IIajEjyPtcyrtqLeEPepnc43Dj4.yUcXcoD94.4ttQTeEQLxF6', 1, 1, 2, 'SIM'),
(87, '74328', 'ANDREA ROSA DE ALMEIDA', '$2y$10$mRB1bI.35plCdYS7pC7hDuXKOiJo3n05fAbZp97Blj5p6kESkoEiG', 1, 1, 2, 'NAO'),
(88, '41695', 'IDALINA APARECIDA FRANCISCO DE SOUZA', '$2y$10$dHKip816vmudHAKVjuftuOCMz6aGmWMCny38eFVVkWTRPRzMyIulq', 1, 1, 2, 'NAO'),
(89, '74468', 'DEBORA CLAUDIA DO NASCIMENTO SILVA', '$2y$10$dHKip816vmudHAKVjuftuOCMz6aGmWMCny38eFVVkWTRPRzMyIulq', 1, 1, 2, 'NAO'),
(90, '48669', 'VANESSA APARECIDA LUIZ', '$2y$10$dHKip816vmudHAKVjuftuOCMz6aGmWMCny38eFVVkWTRPRzMyIulq', 1, 1, 2, 'NAO'),
(91, '77091', 'FABIOLA DE OLIVEIRA CAVALCANTI', '$2y$10$PkGyxBu7zcskzHSxZ4fqbuHa9xpoxU6m1PR2kGLjFl/7hshOijQ7S', 1, 1, 2, 'SIM'),
(92, '78251', 'SUZANA APARECIDA DE ARARIPE', '$2y$10$JQrJ23x1eiXdtcAubeRYuunVV3PbPKgfCyy9cRKnDaEfzjXLWr4VC', 1, 1, 2, 'SIM'),
(93, '73562', 'WESLEY DOS SANTOS SILVA', '$2y$10$haL8j5IzkyeQvxJWdOBjlewgCJhOjhSu8WaOF14kJbxoyEskfFmey', 1, 1, 2, 'SIM'),
(94, '77102', 'VALERIA DA SILVA GIRARDI', '$2y$10$mRB1bI.35plCdYS7pC7hDuXKOiJo3n05fAbZp97Blj5p6kESkoEiG', 1, 1, 2, 'NAO'),
(95, '75451', 'RODRIGO ALEXANDRE DE SOUZA DANTAS', '$2y$10$OXhEEUiMA5Qhhm8mtdXVMOTuXAb/4YyTT3.sf3vpmAOa.zSZKWRsS', 1, 1, 2, 'SIM'),
(96, '48515', 'THAINA NASCIMENTO MARTINO', '$2y$10$Vq3s32D.HYF5pOAb.AOsx.YH1jNEW5cMNe4zpjZRdBZ0Z48w4vkTu', 1, 1, 2, 'SIM'),
(97, '49169', 'RENATA LOPES MOREIRA', '$2y$10$mRB1bI.35plCdYS7pC7hDuXKOiJo3n05fAbZp97Blj5p6kESkoEiG', 1, 1, 2, 'NAO'),
(98, '73679', 'JESSICA SILVA DE OLIVEIRA', '$2y$10$mRB1bI.35plCdYS7pC7hDuXKOiJo3n05fAbZp97Blj5p6kESkoEiG', 1, 1, 2, 'NAO'),
(99, '73194', 'CLARA REGINA SILVA MUNHOZ', '$2y$10$kfyLn0unBwvCp6AEPxu4Kett3BMQXJ2tsFX298hPmFqVrKXrNpulm', 1, 1, 2, 'SIM'),
(100, '50694', 'VANDERLEI ALVES VIEIRA', '$2y$10$MU2qQE3.WEgIVbz8XgzRqucZE8x4roSEcsbopOhDIQKFECK/A7Y0S', 1, 1, 2, 'SIM'),
(101, '65304', 'BRUNA SALES', '$2y$10$N1GXhcLuWd792zC3o9OwE.BFeboOff7YzZ2YIPxh5oHwXnCWq98Nq', 1, 1, 2, 'SIM'),
(102, '77103', 'LILIAN SOUSA MORENO', '$2y$10$mRB1bI.35plCdYS7pC7hDuXKOiJo3n05fAbZp97Blj5p6kESkoEiG', 1, 1, 2, 'NAO'),
(103, '78244', 'GLAUCIA APARECIDA PEREIRA VIEIRA', '$2y$10$dHKip816vmudHAKVjuftuOCMz6aGmWMCny38eFVVkWTRPRzMyIulq', 1, 1, 2, 'NAO'),
(104, '77092', 'CRISTIANE MARIA MOREIRA', '$2y$10$UTECbHtV/Qqh0ELNsWQ1Ie8r3xbbdf9WotKz4L1zCcn3Y.v0ok/ci', 1, 1, 2, 'SIM'),
(105, '75423', 'IGOR OLIVEIRA DE SOUZA', '$2y$10$mRB1bI.35plCdYS7pC7hDuXKOiJo3n05fAbZp97Blj5p6kESkoEiG', 1, 1, 2, 'NAO'),
(106, '77104', 'OSVALDO CABRAL RIBEIRO', '$2y$10$ZLpxexZ9A1JAKMpR/hPWye8R8lFPvLN8f8Q2qhXkou4gjYxsRsN3q', 1, 1, 2, 'SIM'),
(107, '73466', 'HALLYNE DIAS ROSA VASCONCELOS LUIZ SANTO', '$2y$10$mRB1bI.35plCdYS7pC7hDuXKOiJo3n05fAbZp97Blj5p6kESkoEiG', 1, 1, 2, 'NAO'),
(108, '66918', 'JESSICA FABIANO CARDOSO LIMA', '$2y$10$H4kWNiNTAkB523zruPLSCuqItg3X0MyrQ8N0qfVTebuUsZruoqRHm', 1, 1, 2, 'SIM'),
(109, '75417', 'ANA CAROLINE GOMES MOURA', '$2y$10$I39bE9cjzEPVH5nGZmn6z.DBKpsbqNAOQ2B1hTajJkLbKwMeVs6b2', 1, 1, 2, 'SIM'),
(110, '78248', 'KATIA SUELY FARIAS DE CARVALHO', '$2y$10$mRB1bI.35plCdYS7pC7hDuXKOiJo3n05fAbZp97Blj5p6kESkoEiG', 1, 1, 2, 'NAO'),
(111, '78242', 'GABRIELA DA SILVA GOMES', '$2y$10$WWdIzcIObsUwdHqf3eBtlO10unJI.nnvA8IT./5wmRCUVhH/736lG', 1, 1, 2, 'SIM'),
(112, '75413', 'NICOLE CRISTINE DE MIRANDA CASTRO', '$2y$10$Ix75zLOvKyv6v1raqONvkOTofqOfsJ8MWmVID/jCWvHWtc.YsuhBi', 1, 1, 2, 'SIM'),
(113, '78246', 'JESSICA BIANCA DE SOUSA PESSOA', '$2y$10$mRB1bI.35plCdYS7pC7hDuXKOiJo3n05fAbZp97Blj5p6kESkoEiG', 1, 1, 2, 'NAO'),
(114, '78237', 'ANDREZA MARA DE OLIVEIRA DALLIESSI', '$2y$10$R9lI7R5eFnHpQ3iDpY1mgOqKnzDZGshletRnIvEu5LuN2mNvvFhBq', 1, 1, 2, 'SIM'),
(115, '78238', 'ANDERSON JOSE DE SOUZA', '$2y$10$grw.Hy6iwWT9JYZGOlP.B.EtZ0kXaUOXoAUbayrm7xonVRwyMftZa', 1, 1, 2, 'SIM'),
(116, '77093', 'GABRIEL MARQUES DE ALMEIDA', '$2y$10$mRB1bI.35plCdYS7pC7hDuXKOiJo3n05fAbZp97Blj5p6kESkoEiG', 1, 1, 2, 'NAO'),
(117, '78241', 'EMILY CAROLINE GOMES FASIO', '$2y$10$XyMs/iLla1Y7Di/7bo3YX.rb7qpkbUA0l9dEA.fWDnvHHTr5LMaO.', 1, 1, 2, 'SIM'),
(118, '72361', 'JULIANA DA SILVA ORLAN', '$2y$10$mjvjIFfm4.Cl4pTaudnir.TPZQEYf42XdWpw5AE3BzgGNIHiqTkyu', 1, 1, 2, 'SIM'),
(119, '74331', 'GABRIELA LUISI DA SILVA', '$2y$10$mRB1bI.35plCdYS7pC7hDuXKOiJo3n05fAbZp97Blj5p6kESkoEiG', 1, 1, 2, 'NAO'),
(120, '80215', 'MARCIA ROCHA ALVILINO', '$2y$10$mRB1bI.35plCdYS7pC7hDuXKOiJo3n05fAbZp97Blj5p6kESkoEiG', 1, 1, 2, 'NAO'),
(121, '80207', 'MICHELE ALVES DE SOUZA', '$2y$10$mRB1bI.35plCdYS7pC7hDuXKOiJo3n05fAbZp97Blj5p6kESkoEiG', 1, 1, 2, 'NAO'),
(122, '80216', 'MIKE DE LIMA RODRIGUES DA SILVA', '$2y$10$mRB1bI.35plCdYS7pC7hDuXKOiJo3n05fAbZp97Blj5p6kESkoEiG', 1, 1, 2, 'NAO'),
(123, '80213', 'PAULO ROBERTO REGALO', '$2y$10$mRB1bI.35plCdYS7pC7hDuXKOiJo3n05fAbZp97Blj5p6kESkoEiG', 1, 1, 2, 'NAO'),
(124, '80212', 'REINALDO TOLEDO DA ROCHA', '$2y$10$mRB1bI.35plCdYS7pC7hDuXKOiJo3n05fAbZp97Blj5p6kESkoEiG', 1, 1, 2, 'NAO'),
(125, '80195', 'ROANA APARECIDA RIBEIRO DA SILVA', '$2y$10$mRB1bI.35plCdYS7pC7hDuXKOiJo3n05fAbZp97Blj5p6kESkoEiG', 1, 1, 2, 'NAO'),
(126, '80200', 'STELLA FELIX DE OLIVEIRA', '$2y$10$mRB1bI.35plCdYS7pC7hDuXKOiJo3n05fAbZp97Blj5p6kESkoEiG', 1, 1, 2, 'NAO'),
(127, '74004', 'JESSICA CAROLINE PENHA TEIXEIRA', '$2y$10$mRB1bI.35plCdYS7pC7hDuXKOiJo3n05fAbZp97Blj5p6kESkoEiG', 1, 1, 2, 'NAO'),
(128, '73990', 'VANESSA DE FATIMA GIMENES AMARAL', '$2y$10$mRB1bI.35plCdYS7pC7hDuXKOiJo3n05fAbZp97Blj5p6kESkoEiG', 1, 1, 2, 'NAO'),
(129, '74477', 'LUCINEUMA RIBEIRO', '$2y$10$mRB1bI.35plCdYS7pC7hDuXKOiJo3n05fAbZp97Blj5p6kESkoEiG', 1, 1, 2, 'NAO'),
(130, '67044', 'LETICIA LUIZA DA SILVA FERREIRA', '$2y$10$mRB1bI.35plCdYS7pC7hDuXKOiJo3n05fAbZp97Blj5p6kESkoEiG', 1, 1, 2, 'NAO'),
(131, '73952', 'EVA VILMA XAVIER', '$2y$10$mRB1bI.35plCdYS7pC7hDuXKOiJo3n05fAbZp97Blj5p6kESkoEiG', 1, 1, 2, 'NAO'),
(132, '73957', 'MAISA ROCHA DOS SANTOS', '$2y$10$mRB1bI.35plCdYS7pC7hDuXKOiJo3n05fAbZp97Blj5p6kESkoEiG', 1, 1, 2, 'NAO'),
(133, '73956', 'THAMIRES KELLY DA SILVA ALVES', '$2y$10$mRB1bI.35plCdYS7pC7hDuXKOiJo3n05fAbZp97Blj5p6kESkoEiG', 1, 1, 2, 'NAO'),
(134, '71191', 'TALYTA CAROLYNNE DA SILVA DUARTE', '$2y$10$mRB1bI.35plCdYS7pC7hDuXKOiJo3n05fAbZp97Blj5p6kESkoEiG', 1, 1, 2, 'NAO'),
(135, '75335', 'NATALIA MENDES MACHADO', '$2y$10$mRB1bI.35plCdYS7pC7hDuXKOiJo3n05fAbZp97Blj5p6kESkoEiG', 1, 1, 2, 'NAO'),
(136, '48770', 'LETICIA RODRIGUES DA SILVA', '$2y$10$mRB1bI.35plCdYS7pC7hDuXKOiJo3n05fAbZp97Blj5p6kESkoEiG', 1, 1, 2, 'NAO'),
(137, '69236', 'DINAMARA ELLEN DA SILVA LIMA', '$2y$10$mRB1bI.35plCdYS7pC7hDuXKOiJo3n05fAbZp97Blj5p6kESkoEiG', 1, 1, 2, 'NAO'),
(138, '56844', 'VICTORIA RODRIGUES SOUSA', '$2y$10$mRB1bI.35plCdYS7pC7hDuXKOiJo3n05fAbZp97Blj5p6kESkoEiG', 1, 1, 2, 'NAO'),
(139, '74474', 'MARCELA OLIVEIRA PASSOS', '$2y$10$mRB1bI.35plCdYS7pC7hDuXKOiJo3n05fAbZp97Blj5p6kESkoEiG', 1, 1, 2, 'NAO'),
(140, '74305', 'VITORIA SILVA SANTOS', '$2y$10$mRB1bI.35plCdYS7pC7hDuXKOiJo3n05fAbZp97Blj5p6kESkoEiG', 1, 1, 2, 'NAO'),
(141, '63782', 'JULIANA BRITO DA SILVA', '$2y$10$mRB1bI.35plCdYS7pC7hDuXKOiJo3n05fAbZp97Blj5p6kESkoEiG', 1, 1, 2, 'NAO'),
(142, '74461', 'JANAINA MALDONADO BARRETO', '$2y$10$mRB1bI.35plCdYS7pC7hDuXKOiJo3n05fAbZp97Blj5p6kESkoEiG', 1, 1, 2, 'NAO'),
(143, '74478', 'LEILSON SOUZA DOS SANTOS', '$2y$10$mRB1bI.35plCdYS7pC7hDuXKOiJo3n05fAbZp97Blj5p6kESkoEiG', 1, 1, 2, 'NAO'),
(144, '74465', 'LETICIA NEVES ROCHA BATISTA', '$2y$10$mRB1bI.35plCdYS7pC7hDuXKOiJo3n05fAbZp97Blj5p6kESkoEiG', 1, 1, 2, 'NAO'),
(145, '74459', 'MAYARA MACEDO FERNANDES', '$2y$10$mRB1bI.35plCdYS7pC7hDuXKOiJo3n05fAbZp97Blj5p6kESkoEiG', 1, 1, 2, 'NAO'),
(146, '74463', 'PRISCILA REGINA PIRES PEREIRA', '$2y$10$mRB1bI.35plCdYS7pC7hDuXKOiJo3n05fAbZp97Blj5p6kESkoEiG', 1, 1, 2, 'NAO'),
(147, '74476', 'THAIS REGINA BARBOSA DA SILVA LOUZERIO', '$2y$10$mRB1bI.35plCdYS7pC7hDuXKOiJo3n05fAbZp97Blj5p6kESkoEiG', 1, 1, 2, 'NAO'),
(148, '29148', 'MARILENE OLIVEIRA DE SOUSA EPAMENONDAS', '$2y$10$mRB1bI.35plCdYS7pC7hDuXKOiJo3n05fAbZp97Blj5p6kESkoEiG', 1, 1, 2, 'NAO'),
(149, '60204', 'DANIELLE VIEIRA DE OLIVEIRA', '$2y$10$mRB1bI.35plCdYS7pC7hDuXKOiJo3n05fAbZp97Blj5p6kESkoEiG', 1, 1, 2, 'NAO'),
(150, '47875', 'CRISTIANE EVANGELISTA', '$2y$10$mRB1bI.35plCdYS7pC7hDuXKOiJo3n05fAbZp97Blj5p6kESkoEiG', 1, 1, 2, 'NAO'),
(151, '71296', 'DENISE DE OLIVEIRA CIRILO', '$2y$10$mRB1bI.35plCdYS7pC7hDuXKOiJo3n05fAbZp97Blj5p6kESkoEiG', 1, 1, 2, 'NAO'),
(152, '64098', 'PAMELA ALVES CAJASEIRO', '$2y$10$mRB1bI.35plCdYS7pC7hDuXKOiJo3n05fAbZp97Blj5p6kESkoEiG', 1, 1, 2, 'NAO'),
(153, '52396', 'ADRIANA APARECIDA BIANCHI', '$2y$10$mRB1bI.35plCdYS7pC7hDuXKOiJo3n05fAbZp97Blj5p6kESkoEiG', 1, 1, 2, 'NAO'),
(154, '74464', 'LUCINELIA ROSA DOS SANTOS', '$2y$10$mRB1bI.35plCdYS7pC7hDuXKOiJo3n05fAbZp97Blj5p6kESkoEiG', 1, 1, 2, 'NAO'),
(155, '75275', 'THIAGO SALES LOPES', '$2y$10$mRB1bI.35plCdYS7pC7hDuXKOiJo3n05fAbZp97Blj5p6kESkoEiG', 1, 1, 2, 'NAO'),
(156, '52620', 'THAIS DE ATAIDE RODRIGUES ALVES', '$2y$10$mRB1bI.35plCdYS7pC7hDuXKOiJo3n05fAbZp97Blj5p6kESkoEiG', 1, 1, 2, 'NAO'),
(157, '46092', 'INGRID DE MARCHI BRITO', '$2y$10$mRB1bI.35plCdYS7pC7hDuXKOiJo3n05fAbZp97Blj5p6kESkoEiG', 1, 1, 2, 'NAO'),
(158, '46755', 'HELLVELIN SOUZA FERNANDES', '$2y$10$mRB1bI.35plCdYS7pC7hDuXKOiJo3n05fAbZp97Blj5p6kESkoEiG', 1, 1, 2, 'NAO'),
(159, '59759', 'KARIDIA BEZERRA DE SOUZA', '$2y$10$mRB1bI.35plCdYS7pC7hDuXKOiJo3n05fAbZp97Blj5p6kESkoEiG', 1, 1, 2, 'NAO'),
(160, '68765', 'JESSICA SOARES COSTA', '$2y$10$mRB1bI.35plCdYS7pC7hDuXKOiJo3n05fAbZp97Blj5p6kESkoEiG', 1, 1, 2, 'NAO'),
(161, '64438', 'CLAUDIA STEPHANY DOS SANTOS COTA', '$2y$10$mRB1bI.35plCdYS7pC7hDuXKOiJo3n05fAbZp97Blj5p6kESkoEiG', 1, 1, 2, 'NAO'),
(162, '74876', 'APARECIDA LIMA SANTOS SILVA', '$2y$10$mRB1bI.35plCdYS7pC7hDuXKOiJo3n05fAbZp97Blj5p6kESkoEiG', 1, 1, 2, 'NAO'),
(163, '73987', 'BRUNO ANDERSON DA SILVA SANTOS', '$2y$10$mRB1bI.35plCdYS7pC7hDuXKOiJo3n05fAbZp97Blj5p6kESkoEiG', 1, 1, 2, 'NAO'),
(164, '50462', 'LEONARDO GUILHERME RODRIGUES TEIXEIRA', '$2y$10$mRB1bI.35plCdYS7pC7hDuXKOiJo3n05fAbZp97Blj5p6kESkoEiG', 1, 1, 2, 'NAO'),
(165, '75276', 'LUCAS CORREA PINTO DE SOUZA', '$2y$10$mRB1bI.35plCdYS7pC7hDuXKOiJo3n05fAbZp97Blj5p6kESkoEiG', 1, 1, 2, 'NAO'),
(166, '77465', 'VALERIA CRISTINA FERREIRA', '$2y$10$mRB1bI.35plCdYS7pC7hDuXKOiJo3n05fAbZp97Blj5p6kESkoEiG', 1, 1, 2, 'NAO'),
(167, '75318', 'VITORIA CRISTINA AMORIM SANTOS', '$2y$10$mRB1bI.35plCdYS7pC7hDuXKOiJo3n05fAbZp97Blj5p6kESkoEiG', 1, 1, 2, 'NAO'),
(168, '71799', 'LUANA MINAS DE SOUZA', '$2y$10$mRB1bI.35plCdYS7pC7hDuXKOiJo3n05fAbZp97Blj5p6kESkoEiG', 1, 1, 2, 'NAO'),
(169, '60157', 'SHEILA APARECIDA SABINO', '$2y$10$mRB1bI.35plCdYS7pC7hDuXKOiJo3n05fAbZp97Blj5p6kESkoEiG', 1, 1, 2, 'NAO'),
(170, '73976', 'DEBORA LUIZA DA SILVEIRA', '$2y$10$mRB1bI.35plCdYS7pC7hDuXKOiJo3n05fAbZp97Blj5p6kESkoEiG', 1, 1, 2, 'NAO'),
(171, '73986', 'THAYNA ALVES LOPES', '$2y$10$mRB1bI.35plCdYS7pC7hDuXKOiJo3n05fAbZp97Blj5p6kESkoEiG', 1, 1, 2, 'NAO'),
(172, '77483', 'CARLOS EDUARDO DA SILVA', '$2y$10$mRB1bI.35plCdYS7pC7hDuXKOiJo3n05fAbZp97Blj5p6kESkoEiG', 1, 1, 2, 'NAO'),
(173, '46100', 'ELIANA BRAZ XAVIER', '$2y$10$mRB1bI.35plCdYS7pC7hDuXKOiJo3n05fAbZp97Blj5p6kESkoEiG', 1, 1, 2, 'NAO'),
(174, '75361', 'EVANDRO LEMOS LUSTOSA', '$2y$10$mRB1bI.35plCdYS7pC7hDuXKOiJo3n05fAbZp97Blj5p6kESkoEiG', 1, 1, 2, 'NAO'),
(175, '75360', 'GABRIELA DE ANDRADE MORAIS', '$2y$10$mRB1bI.35plCdYS7pC7hDuXKOiJo3n05fAbZp97Blj5p6kESkoEiG', 1, 1, 2, 'NAO'),
(176, '77474', 'INGRYD GOMES DOS SANTOS', '$2y$10$mRB1bI.35plCdYS7pC7hDuXKOiJo3n05fAbZp97Blj5p6kESkoEiG', 1, 1, 2, 'NAO'),
(177, '77475', 'JADISLLEY ALINE RODRIGUES DOS SANTOS', '$2y$10$mRB1bI.35plCdYS7pC7hDuXKOiJo3n05fAbZp97Blj5p6kESkoEiG', 1, 1, 2, 'NAO'),
(178, '70213', 'KAIQUE EMANOEL CAVALCANTE DE LIMA', '$2y$10$mRB1bI.35plCdYS7pC7hDuXKOiJo3n05fAbZp97Blj5p6kESkoEiG', 1, 1, 2, 'NAO'),
(179, '49146', 'LILIAN DA COSTA ALVES', '$2y$10$mRB1bI.35plCdYS7pC7hDuXKOiJo3n05fAbZp97Blj5p6kESkoEiG', 1, 1, 2, 'NAO'),
(180, '74442', 'MAYRA FERREIRA DOS SANTOS', '$2y$10$mRB1bI.35plCdYS7pC7hDuXKOiJo3n05fAbZp97Blj5p6kESkoEiG', 1, 1, 2, 'NAO'),
(181, '77463', 'PAULO LIMA TEIXEIRA', '$2y$10$mRB1bI.35plCdYS7pC7hDuXKOiJo3n05fAbZp97Blj5p6kESkoEiG', 1, 1, 2, 'NAO'),
(182, '74350', 'RYAN ROBERT DA SILVA', '$2y$10$mRB1bI.35plCdYS7pC7hDuXKOiJo3n05fAbZp97Blj5p6kESkoEiG', 1, 1, 2, 'NAO'),
(183, '68403', 'SANDRA TAVARES LIMA', '$2y$10$mRB1bI.35plCdYS7pC7hDuXKOiJo3n05fAbZp97Blj5p6kESkoEiG', 1, 1, 2, 'NAO'),
(184, '73992', 'TAMIRES EVELYN VARJAO CUNHA', '$2y$10$mRB1bI.35plCdYS7pC7hDuXKOiJo3n05fAbZp97Blj5p6kESkoEiG', 1, 1, 2, 'NAO'),
(185, '75302', 'THIAGO RABELO ZANARDI', '$2y$10$mRB1bI.35plCdYS7pC7hDuXKOiJo3n05fAbZp97Blj5p6kESkoEiG', 1, 1, 2, 'NAO'),
(186, '73959', 'WILLIANE CAROLINE NASCIMENTO DE BARROS', '$2y$10$mRB1bI.35plCdYS7pC7hDuXKOiJo3n05fAbZp97Blj5p6kESkoEiG', 1, 1, 2, 'NAO'),
(187, '74375', 'YANCA RODRIGUES MUNIZ DOS SANTOS', '$2y$10$mRB1bI.35plCdYS7pC7hDuXKOiJo3n05fAbZp97Blj5p6kESkoEiG', 1, 1, 2, 'NAO'),
(188, '68779', 'NATHALYA MENDES DE ALMEIDA', '$2y$10$mRB1bI.35plCdYS7pC7hDuXKOiJo3n05fAbZp97Blj5p6kESkoEiG', 1, 1, 2, 'NAO'),
(189, '73220', 'AMANDA NOGUEIRA MENDES', '$2y$10$mRB1bI.35plCdYS7pC7hDuXKOiJo3n05fAbZp97Blj5p6kESkoEiG', 1, 1, 2, 'NAO'),
(190, '69249', 'JUCILEIDE DE ANDRADE VIANA', '$2y$10$mRB1bI.35plCdYS7pC7hDuXKOiJo3n05fAbZp97Blj5p6kESkoEiG', 1, 1, 2, 'NAO'),
(191, '65214', 'MAYARA CRISTINA DA SILVA SANTOS', '$2y$10$mRB1bI.35plCdYS7pC7hDuXKOiJo3n05fAbZp97Blj5p6kESkoEiG', 1, 1, 2, 'NAO'),
(192, '69232', 'PATRICIA APARECIDA DE SANTANA', '$2y$10$mRB1bI.35plCdYS7pC7hDuXKOiJo3n05fAbZp97Blj5p6kESkoEiG', 1, 1, 2, 'NAO'),
(193, '48190', 'RODRIGO CONCEICAO DOS SANTOS', '$2y$10$mRB1bI.35plCdYS7pC7hDuXKOiJo3n05fAbZp97Blj5p6kESkoEiG', 1, 1, 2, 'NAO'),
(194, '75392', 'SHIRLEY SILVA PRATES', '$2y$10$mRB1bI.35plCdYS7pC7hDuXKOiJo3n05fAbZp97Blj5p6kESkoEiG', 1, 1, 2, 'NAO'),
(195, '48194', 'VINICIUS DOS SANTOS MUNHOZ', '$2y$10$mRB1bI.35plCdYS7pC7hDuXKOiJo3n05fAbZp97Blj5p6kESkoEiG', 1, 1, 2, 'NAO'),
(196, '80211', 'TATIANA EDUARDA DA SILVA SOUSA', '$2y$10$mRB1bI.35plCdYS7pC7hDuXKOiJo3n05fAbZp97Blj5p6kESkoEiG', 1, 1, 2, 'NAO'),
(197, '80208', 'THAIS RIBEIRO DE ARAUJO', '$2y$10$mRB1bI.35plCdYS7pC7hDuXKOiJo3n05fAbZp97Blj5p6kESkoEiG', 1, 1, 2, 'NAO'),
(198, '80205', 'VINICIUS SILVA DE ARRUDA', '$2y$10$mRB1bI.35plCdYS7pC7hDuXKOiJo3n05fAbZp97Blj5p6kESkoEiG', 1, 1, 2, 'NAO'),
(199, '80203', 'VITORIA MACEDO SILVA', '$2y$10$mRB1bI.35plCdYS7pC7hDuXKOiJo3n05fAbZp97Blj5p6kESkoEiG', 1, 1, 2, 'NAO'),
(200, '80220', 'WESLEY FRANCA FIRMINIO DA SILVA', '$2y$10$mRB1bI.35plCdYS7pC7hDuXKOiJo3n05fAbZp97Blj5p6kESkoEiG', 1, 1, 2, 'NAO'),
(201, '80206', 'YASMIN LUCIA DE MACEDO', '$2y$10$mRB1bI.35plCdYS7pC7hDuXKOiJo3n05fAbZp97Blj5p6kESkoEiG', 1, 1, 2, 'NAO'),
(202, '69055', 'AMANDA FEITAES CAMILO', '$2y$10$mRB1bI.35plCdYS7pC7hDuXKOiJo3n05fAbZp97Blj5p6kESkoEiG', 1, 1, 2, 'NAO'),
(203, '70430', 'JOZICLEIA VIANA DOS SANTOS', '$2y$10$mRB1bI.35plCdYS7pC7hDuXKOiJo3n05fAbZp97Blj5p6kESkoEiG', 1, 1, 2, 'NAO'),
(204, '74505', 'MAIARA?APARECIDA?GRECCO', '$2y$10$mRB1bI.35plCdYS7pC7hDuXKOiJo3n05fAbZp97Blj5p6kESkoEiG', 1, 1, 2, 'NAO'),
(205, '66554', 'MAURO CORREA MARQUES', '$2y$10$mRB1bI.35plCdYS7pC7hDuXKOiJo3n05fAbZp97Blj5p6kESkoEiG', 1, 1, 2, 'NAO'),
(206, '74793', 'TAMIRES DOS SANTOS CAMPOS', '$2y$10$mRB1bI.35plCdYS7pC7hDuXKOiJo3n05fAbZp97Blj5p6kESkoEiG', 1, 1, 2, 'NAO'),
(207, '52862', 'PAMELA SANTOS DE LIMA', '$2y$10$mRB1bI.35plCdYS7pC7hDuXKOiJo3n05fAbZp97Blj5p6kESkoEiG', 1, 1, 2, 'NAO'),
(208, '57103', 'CAMILA?MARTINS?SILVA', '$2y$10$mRB1bI.35plCdYS7pC7hDuXKOiJo3n05fAbZp97Blj5p6kESkoEiG', 1, 1, 2, 'NAO'),
(209, '64327', 'FERNANDA MARCELINO DOS SANTOS', '$2y$10$mRB1bI.35plCdYS7pC7hDuXKOiJo3n05fAbZp97Blj5p6kESkoEiG', 1, 1, 2, 'NAO'),
(210, '58141', 'BRUNA DE LIMA SANTOS BERTO', '$2y$10$mRB1bI.35plCdYS7pC7hDuXKOiJo3n05fAbZp97Blj5p6kESkoEiG', 1, 1, 2, 'NAO'),
(211, '48813', 'NATALIA FERREIRA DA SILVA', '$2y$10$mRB1bI.35plCdYS7pC7hDuXKOiJo3n05fAbZp97Blj5p6kESkoEiG', 1, 1, 2, 'NAO'),
(212, '48820', 'CHEYLA REGINA SILVA DOS SANTOS', '$2y$10$mRB1bI.35plCdYS7pC7hDuXKOiJo3n05fAbZp97Blj5p6kESkoEiG', 1, 1, 2, 'NAO'),
(213, '48823', 'AGNES OLIVEIRA ALVES MARTINS', '$2y$10$mRB1bI.35plCdYS7pC7hDuXKOiJo3n05fAbZp97Blj5p6kESkoEiG', 1, 1, 2, 'NAO'),
(214, '47524', 'MONIC NASCIMENTO DE LIRA CHAGAS', '$2y$10$mRB1bI.35plCdYS7pC7hDuXKOiJo3n05fAbZp97Blj5p6kESkoEiG', 1, 1, 2, 'NAO'),
(215, '65509', 'KAIO MATHEUS DE JESUS BRITO', '$2y$10$mRB1bI.35plCdYS7pC7hDuXKOiJo3n05fAbZp97Blj5p6kESkoEiG', 1, 1, 2, 'NAO'),
(216, '48896', 'MARIA INGRID ANDRADE DE AZEVEDO', '$2y$10$mRB1bI.35plCdYS7pC7hDuXKOiJo3n05fAbZp97Blj5p6kESkoEiG', 1, 1, 2, 'NAO'),
(217, '53910', 'LUIZ GUSTAVO CLARINDO ARA?JO', '$2y$10$mRB1bI.35plCdYS7pC7hDuXKOiJo3n05fAbZp97Blj5p6kESkoEiG', 1, 1, 2, 'NAO'),
(218, '48809', 'ADRIANA SOEPAZA DA SILVA', '$2y$10$mRB1bI.35plCdYS7pC7hDuXKOiJo3n05fAbZp97Blj5p6kESkoEiG', 1, 1, 2, 'NAO'),
(219, '75424', 'ISADORA CAVALCANTE DA SILVA', '$2y$10$mRB1bI.35plCdYS7pC7hDuXKOiJo3n05fAbZp97Blj5p6kESkoEiG', 1, 1, 2, 'NAO'),
(220, '73947', 'ANA MARIA DE ABRANTES RAMOS', '$2y$10$mRB1bI.35plCdYS7pC7hDuXKOiJo3n05fAbZp97Blj5p6kESkoEiG', 1, 1, 2, 'NAO'),
(221, '75325', 'DEOVANIA PEREIRA DE SOUSA', '$2y$10$mRB1bI.35plCdYS7pC7hDuXKOiJo3n05fAbZp97Blj5p6kESkoEiG', 1, 1, 2, 'NAO'),
(222, '73862', 'MOANA ARIADNE CANDIDO BAIA', '$2y$10$mRB1bI.35plCdYS7pC7hDuXKOiJo3n05fAbZp97Blj5p6kESkoEiG', 1, 1, 2, 'NAO'),
(223, '50844', 'LARISSA DA CRUZ SANTOS', '$2y$10$mRB1bI.35plCdYS7pC7hDuXKOiJo3n05fAbZp97Blj5p6kESkoEiG', 1, 1, 2, 'NAO'),
(224, '74499', 'LUCAS DANIEL CAMPOS GASPARINI', '$2y$10$mRB1bI.35plCdYS7pC7hDuXKOiJo3n05fAbZp97Blj5p6kESkoEiG', 1, 1, 2, 'NAO'),
(225, '62605', 'YGOR ERIVAN DA SILVA GALVAO', '$2y$10$mRB1bI.35plCdYS7pC7hDuXKOiJo3n05fAbZp97Blj5p6kESkoEiG', 1, 1, 2, 'NAO'),
(226, '65985', 'DIANY BRITO BATISTA', '$2y$10$mRB1bI.35plCdYS7pC7hDuXKOiJo3n05fAbZp97Blj5p6kESkoEiG', 1, 1, 2, 'NAO'),
(227, '74012', 'GIULIANA MACEDO SILVA', '$2y$10$mRB1bI.35plCdYS7pC7hDuXKOiJo3n05fAbZp97Blj5p6kESkoEiG', 1, 1, 2, 'NAO'),
(228, '57719', 'CAROLINI DA SILVA RASINO', '$2y$10$mRB1bI.35plCdYS7pC7hDuXKOiJo3n05fAbZp97Blj5p6kESkoEiG', 1, 1, 2, 'NAO'),
(229, '49863', 'ALEXSANDRA MARIA DA SILVA', '$2y$10$mRB1bI.35plCdYS7pC7hDuXKOiJo3n05fAbZp97Blj5p6kESkoEiG', 1, 1, 2, 'NAO'),
(230, '53906', 'ADAILMA DE SOUSA TAVARES', '$2y$10$mRB1bI.35plCdYS7pC7hDuXKOiJo3n05fAbZp97Blj5p6kESkoEiG', 1, 1, 2, 'NAO'),
(231, '57702', 'ALINE FERNANDES NEVES', '$2y$10$mRB1bI.35plCdYS7pC7hDuXKOiJo3n05fAbZp97Blj5p6kESkoEiG', 1, 1, 2, 'NAO'),
(232, '62529', 'AMANDA ARIEL RIBEIRO DO NASCIMENTO', '$2y$10$mRB1bI.35plCdYS7pC7hDuXKOiJo3n05fAbZp97Blj5p6kESkoEiG', 1, 1, 2, 'NAO'),
(233, '55346', 'AMANDA NUNES MARQUES DA SILVA', '$2y$10$mRB1bI.35plCdYS7pC7hDuXKOiJo3n05fAbZp97Blj5p6kESkoEiG', 1, 1, 2, 'NAO'),
(234, '65987', 'CAROLINE SOARES NEVES', '$2y$10$mRB1bI.35plCdYS7pC7hDuXKOiJo3n05fAbZp97Blj5p6kESkoEiG', 1, 1, 2, 'NAO'),
(235, '72752', 'ERICA SILVA CAMPOS', '$2y$10$mRB1bI.35plCdYS7pC7hDuXKOiJo3n05fAbZp97Blj5p6kESkoEiG', 1, 1, 2, 'NAO'),
(236, '53609', 'FABIOLA LIMA DA SILVA', '$2y$10$mRB1bI.35plCdYS7pC7hDuXKOiJo3n05fAbZp97Blj5p6kESkoEiG', 1, 1, 2, 'NAO'),
(237, '45700', 'FERNANDA MARI RODRIGUES GOMES', '$2y$10$mRB1bI.35plCdYS7pC7hDuXKOiJo3n05fAbZp97Blj5p6kESkoEiG', 1, 1, 2, 'NAO'),
(238, '57407', 'GUILHERME BEZERRA DA SILVA', '$2y$10$mRB1bI.35plCdYS7pC7hDuXKOiJo3n05fAbZp97Blj5p6kESkoEiG', 1, 1, 2, 'NAO'),
(239, '53907', 'GUSTAVO DOS SANTOS DUMONT', '$2y$10$mRB1bI.35plCdYS7pC7hDuXKOiJo3n05fAbZp97Blj5p6kESkoEiG', 1, 1, 2, 'NAO'),
(240, '73609', 'JOAO VICTOR SOUZA SANTOS', '$2y$10$mRB1bI.35plCdYS7pC7hDuXKOiJo3n05fAbZp97Blj5p6kESkoEiG', 1, 1, 2, 'NAO'),
(241, '73996', 'KAUE IVAN A DE SOUZA GAMERO', '$2y$10$mRB1bI.35plCdYS7pC7hDuXKOiJo3n05fAbZp97Blj5p6kESkoEiG', 1, 1, 2, 'NAO'),
(242, '77476', 'KEROLYN NORATA MAIA', '$2y$10$mRB1bI.35plCdYS7pC7hDuXKOiJo3n05fAbZp97Blj5p6kESkoEiG', 1, 1, 2, 'NAO'),
(243, '65938', 'LARISSA DE ALMEIDA COSTA SILVA', '$2y$10$mRB1bI.35plCdYS7pC7hDuXKOiJo3n05fAbZp97Blj5p6kESkoEiG', 1, 1, 2, 'NAO'),
(244, '74374', 'RAFAELA LEMOS DUARTE', '$2y$10$mRB1bI.35plCdYS7pC7hDuXKOiJo3n05fAbZp97Blj5p6kESkoEiG', 1, 1, 2, 'NAO'),
(245, '73970', 'RAQUEL RIBEIRO DE OLIVEIRA', '$2y$10$mRB1bI.35plCdYS7pC7hDuXKOiJo3n05fAbZp97Blj5p6kESkoEiG', 1, 1, 2, 'NAO'),
(246, '73918', 'REGINA FALCONERI ANTONIO', '$2y$10$mRB1bI.35plCdYS7pC7hDuXKOiJo3n05fAbZp97Blj5p6kESkoEiG', 1, 1, 2, 'NAO'),
(247, '49867', 'SUELEN RITA DOS SANTOS', '$2y$10$mRB1bI.35plCdYS7pC7hDuXKOiJo3n05fAbZp97Blj5p6kESkoEiG', 1, 1, 2, 'NAO'),
(248, '74348', 'THAIS EVELYN DOS SANTOS NUNES', '$2y$10$mRB1bI.35plCdYS7pC7hDuXKOiJo3n05fAbZp97Blj5p6kESkoEiG', 1, 1, 2, 'NAO'),
(249, '50104', 'VINICIUS NONATO RODRIGUES DE LIMA', '$2y$10$mRB1bI.35plCdYS7pC7hDuXKOiJo3n05fAbZp97Blj5p6kESkoEiG', 1, 1, 2, 'NAO'),
(250, '75280', 'FELIPE MARCELO DE SOUZA MIGUEL', '$2y$10$mRB1bI.35plCdYS7pC7hDuXKOiJo3n05fAbZp97Blj5p6kESkoEiG', 1, 1, 2, 'NAO'),
(251, '76898', 'CARINA CITA', '$2y$10$mRB1bI.35plCdYS7pC7hDuXKOiJo3n05fAbZp97Blj5p6kESkoEiG', 1, 1, 2, 'NAO'),
(252, '73974', 'MILENE BIANCA DOS SANTOS LOPES', '$2y$10$mRB1bI.35plCdYS7pC7hDuXKOiJo3n05fAbZp97Blj5p6kESkoEiG', 1, 1, 2, 'NAO'),
(253, '74311', 'LEIA SOUZA SANTOS ARAGAO', '$2y$10$mRB1bI.35plCdYS7pC7hDuXKOiJo3n05fAbZp97Blj5p6kESkoEiG', 1, 1, 2, 'NAO'),
(254, '74346', 'VICTORIA ABREU AMARAL', '$2y$10$mRB1bI.35plCdYS7pC7hDuXKOiJo3n05fAbZp97Blj5p6kESkoEiG', 1, 1, 2, 'NAO'),
(255, '74349', 'DOUGLAS TADEU CELESTINO DA SILVA', '$2y$10$mRB1bI.35plCdYS7pC7hDuXKOiJo3n05fAbZp97Blj5p6kESkoEiG', 1, 1, 2, 'NAO'),
(256, '50107', 'MIRIA DA SILVA SOUSA', '$2y$10$mRB1bI.35plCdYS7pC7hDuXKOiJo3n05fAbZp97Blj5p6kESkoEiG', 1, 1, 2, 'NAO'),
(257, '56558', 'BRUNA AZEVEDO DIAS CARDOSO', '$2y$10$mRB1bI.35plCdYS7pC7hDuXKOiJo3n05fAbZp97Blj5p6kESkoEiG', 1, 1, 2, 'NAO'),
(258, '50174', 'CAMILA DA PAIX?O SILVA', '$2y$10$mRB1bI.35plCdYS7pC7hDuXKOiJo3n05fAbZp97Blj5p6kESkoEiG', 1, 1, 2, 'NAO'),
(259, '50117', 'FELIPPE ALEXANDRE SANTOS DA SILVA', '$2y$10$mRB1bI.35plCdYS7pC7hDuXKOiJo3n05fAbZp97Blj5p6kESkoEiG', 1, 1, 2, 'NAO'),
(260, '53672', 'FERNANDA DE ARAUJO GOMES', '$2y$10$mRB1bI.35plCdYS7pC7hDuXKOiJo3n05fAbZp97Blj5p6kESkoEiG', 1, 1, 2, 'NAO'),
(261, '66381', 'GABRIELA PEREIRA', '$2y$10$mRB1bI.35plCdYS7pC7hDuXKOiJo3n05fAbZp97Blj5p6kESkoEiG', 1, 1, 2, 'NAO'),
(262, '75435', 'JESSICA DA SILVA ALMEIDA GOMES', '$2y$10$mRB1bI.35plCdYS7pC7hDuXKOiJo3n05fAbZp97Blj5p6kESkoEiG', 1, 1, 2, 'NAO'),
(263, '72384', 'KAYKI DE MESQUITA ZANETI', '$2y$10$mRB1bI.35plCdYS7pC7hDuXKOiJo3n05fAbZp97Blj5p6kESkoEiG', 1, 1, 2, 'NAO'),
(264, '57403', 'KELLY REGINA FREITAS DE JESUS', '$2y$10$mRB1bI.35plCdYS7pC7hDuXKOiJo3n05fAbZp97Blj5p6kESkoEiG', 1, 1, 2, 'NAO'),
(265, '74444', 'LILIAN FATIMA PEREIRA DOS SANTOS', '$2y$10$mRB1bI.35plCdYS7pC7hDuXKOiJo3n05fAbZp97Blj5p6kESkoEiG', 1, 1, 2, 'NAO'),
(266, '50168', 'PATRICIA CARDOZO PEREIRA', '$2y$10$mRB1bI.35plCdYS7pC7hDuXKOiJo3n05fAbZp97Blj5p6kESkoEiG', 1, 1, 2, 'NAO'),
(267, '75427', 'PAULO ROGERIO IVO JUNIOR', '$2y$10$mRB1bI.35plCdYS7pC7hDuXKOiJo3n05fAbZp97Blj5p6kESkoEiG', 1, 1, 2, 'NAO'),
(268, '74021', 'RENATTA FERREIRA TENORIO BARRETO', '$2y$10$mRB1bI.35plCdYS7pC7hDuXKOiJo3n05fAbZp97Blj5p6kESkoEiG', 1, 1, 2, 'NAO'),
(269, '60863', 'VANESSA LUCIA DA SILVA', '$2y$10$mRB1bI.35plCdYS7pC7hDuXKOiJo3n05fAbZp97Blj5p6kESkoEiG', 1, 1, 2, 'NAO'),
(270, '65967', 'ELIOMARA DOS SANTOS SILVA', '$2y$10$mRB1bI.35plCdYS7pC7hDuXKOiJo3n05fAbZp97Blj5p6kESkoEiG', 1, 1, 2, 'NAO'),
(271, '65906', 'BEATRIZ GOUVEIA ADUKAS', '$2y$10$mRB1bI.35plCdYS7pC7hDuXKOiJo3n05fAbZp97Blj5p6kESkoEiG', 1, 1, 2, 'NAO'),
(272, '65903', 'KAYQUE LINO DOMINGOS', '$2y$10$mRB1bI.35plCdYS7pC7hDuXKOiJo3n05fAbZp97Blj5p6kESkoEiG', 1, 1, 2, 'NAO'),
(273, '65905', 'ROSANGELA DE ABREU CACADOR', '$2y$10$mRB1bI.35plCdYS7pC7hDuXKOiJo3n05fAbZp97Blj5p6kESkoEiG', 1, 1, 2, 'NAO'),
(274, '65966', 'JESSICA SANTOS SILVA', '$2y$10$mRB1bI.35plCdYS7pC7hDuXKOiJo3n05fAbZp97Blj5p6kESkoEiG', 1, 1, 2, 'NAO'),
(275, '65909', 'HENRIQUE DA SILVA NASCIMENTO', '$2y$10$mRB1bI.35plCdYS7pC7hDuXKOiJo3n05fAbZp97Blj5p6kESkoEiG', 1, 1, 2, 'NAO'),
(276, '65918', 'EUNICE RODRIGUES SANTOS', '$2y$10$mRB1bI.35plCdYS7pC7hDuXKOiJo3n05fAbZp97Blj5p6kESkoEiG', 1, 1, 2, 'NAO'),
(277, '65914', 'JENNIFER GALDINO DE SOUSA', '$2y$10$mRB1bI.35plCdYS7pC7hDuXKOiJo3n05fAbZp97Blj5p6kESkoEiG', 1, 1, 2, 'NAO'),
(278, '50175', 'MARIO JORGE SILVA SOARES', '$2y$10$mRB1bI.35plCdYS7pC7hDuXKOiJo3n05fAbZp97Blj5p6kESkoEiG', 1, 1, 2, 'NAO'),
(279, '72776', 'RENATA BENIGNO BENTO DA SILVA', '$2y$10$mRB1bI.35plCdYS7pC7hDuXKOiJo3n05fAbZp97Blj5p6kESkoEiG', 1, 1, 2, 'NAO'),
(280, '65911', 'EDILENE SANTOS DE OLIVEIRA', '$2y$10$mRB1bI.35plCdYS7pC7hDuXKOiJo3n05fAbZp97Blj5p6kESkoEiG', 1, 1, 2, 'NAO'),
(281, '65902', 'LEONARDO AUGUSTO SHIRAN DA SILVA', '$2y$10$mRB1bI.35plCdYS7pC7hDuXKOiJo3n05fAbZp97Blj5p6kESkoEiG', 1, 1, 2, 'NAO'),
(282, '65919', 'NATHALIA LUCHETTI DA CRUZ', '$2y$10$mRB1bI.35plCdYS7pC7hDuXKOiJo3n05fAbZp97Blj5p6kESkoEiG', 1, 1, 2, 'NAO'),
(283, '65913', 'WALDIRENE MARCIA FRANCISCO', '$2y$10$mRB1bI.35plCdYS7pC7hDuXKOiJo3n05fAbZp97Blj5p6kESkoEiG', 1, 1, 2, 'NAO'),
(284, '65970', 'KEITHLEEN LUCIA SILVA LOPES', '$2y$10$mRB1bI.35plCdYS7pC7hDuXKOiJo3n05fAbZp97Blj5p6kESkoEiG', 1, 1, 2, 'NAO'),
(285, '65956', 'REGINA BARBOSA VENTURA', '$2y$10$mRB1bI.35plCdYS7pC7hDuXKOiJo3n05fAbZp97Blj5p6kESkoEiG', 1, 1, 2, 'NAO'),
(286, '75350', 'DAIANA MESSIAS TEIXEIRA', '$2y$10$mRB1bI.35plCdYS7pC7hDuXKOiJo3n05fAbZp97Blj5p6kESkoEiG', 1, 1, 2, 'NAO'),
(287, '56561', 'NELSON SANTIAGO AMBROZIO JUNIOR', '$2y$10$mRB1bI.35plCdYS7pC7hDuXKOiJo3n05fAbZp97Blj5p6kESkoEiG', 1, 1, 2, 'NAO'),
(288, '67040', 'ANDERSON DIAS DE CARVALHO', '$2y$10$mRB1bI.35plCdYS7pC7hDuXKOiJo3n05fAbZp97Blj5p6kESkoEiG', 1, 1, 2, 'NAO'),
(289, '59027', 'ADRIANA DE MORAIS RODRIGUES', '$2y$10$mRB1bI.35plCdYS7pC7hDuXKOiJo3n05fAbZp97Blj5p6kESkoEiG', 1, 1, 2, 'NAO'),
(290, '59751', 'ROSANGELA MARQUES DOS SANTOS LUNA', '$2y$10$mRB1bI.35plCdYS7pC7hDuXKOiJo3n05fAbZp97Blj5p6kESkoEiG', 1, 1, 2, 'NAO'),
(291, '80272', 'ALLAN FERRARI BATISTA DE LIMA', '$2y$10$mRB1bI.35plCdYS7pC7hDuXKOiJo3n05fAbZp97Blj5p6kESkoEiG', 1, 1, 2, 'NAO'),
(292, '80239', 'ANDRESSA MARQUES PINTO', '$2y$10$RtGwI0VUOr5kdCMrI9QZOu1JgZKr9AjvcdGuNatyyYIQ2yxl3zRxa', 1, 1, 2, 'SIM'),
(293, '80271', 'ARIANE FERREIRA LIMA', '$2y$10$/xJhgLFFR6y8W9ims3pGleDVzMW6MuvdAdVJqyJ/k6FlcaGsvYWDu', 1, 1, 2, 'SIM'),
(294, '80234', 'BEATRIZ DA SILVA CARDOSO', '$2y$10$mRB1bI.35plCdYS7pC7hDuXKOiJo3n05fAbZp97Blj5p6kESkoEiG', 1, 1, 2, 'NAO'),
(295, '80275', 'BIANCA JANAINA DOS SANTOS SOUZA LOURENCO', '$2y$10$mRB1bI.35plCdYS7pC7hDuXKOiJo3n05fAbZp97Blj5p6kESkoEiG', 1, 1, 2, 'NAO'),
(296, '80241', 'BRUNA DOS SANTOS DINIZ', '$2y$10$yVOYQG.sZM2apunUahoqzOrvu7JB3LHCEQr9l.XZLJprmITnWAlYW', 1, 1, 2, 'SIM'),
(297, '80288', 'CAMILA CRISTINY DA SILVA BISPO', '$2y$10$CgSzk0PieYTiSFhA.HOe..KMRABUC75WEF3PLcU/UEVsFK/T29L5K', 1, 1, 2, 'SIM'),
(298, '80274', 'DEBORA MARIA DE OLIVEIRA BRITO', '$2y$10$WWELg90p/gvBUVnnvXxKp.b666P2VHl1/848RjneyFWJnOYYpuCG.', 1, 1, 2, 'SIM'),
(299, '80237', 'DOMENICA CRISTIANE DA SILVA SOARES', '$2y$10$hArp5jKR8lcqvVm3EmFkKeA48dCym7WMInFHfjooJ8aCy7nUMzYjy', 1, 1, 2, 'SIM'),
(300, '80273', 'FABRICIA BORGES DOS SANTOS', '$2y$10$dHKip816vmudHAKVjuftuOCMz6aGmWMCny38eFVVkWTRPRzMyIulq', 1, 1, 2, 'NAO'),
(301, '80280', 'GABRIELA BARBARA JAGOCHITZ', '$2y$10$dHKip816vmudHAKVjuftuOCMz6aGmWMCny38eFVVkWTRPRzMyIulq', 1, 1, 2, 'NAO'),
(302, '80240', 'IANDRA DA SILVA MANO', '$2y$10$rrR2uC1wrEzAUn6u1Sl3jeJP6gXBunzEu84vUG.oQVFuDtX03FZ1W', 1, 1, 2, 'SIM'),
(303, '80281', 'JULIA BRITO FERREIRA', '$2y$10$mRB1bI.35plCdYS7pC7hDuXKOiJo3n05fAbZp97Blj5p6kESkoEiG', 1, 1, 2, 'NAO'),
(304, '80270', 'KELLY KAROLINY SANTANA DE JESUS PEDRO', '$2y$10$mRB1bI.35plCdYS7pC7hDuXKOiJo3n05fAbZp97Blj5p6kESkoEiG', 1, 1, 2, 'NAO'),
(305, '80276', 'NAYLLA CAROLINE THEODORO DA SILVA', '$2y$10$mRB1bI.35plCdYS7pC7hDuXKOiJo3n05fAbZp97Blj5p6kESkoEiG', 1, 1, 2, 'NAO'),
(306, '80282', 'SAMANTA CONCEICAO DA SILVA', '$2y$10$fZN0lJNbtanmwrTQGZNGdOC6M9AsYr5Tc2VqN6/tmjjGCeMhoAVQu', 1, 1, 2, 'SIM'),
(307, '48166', 'CAROLINE JORDAO SILVA SOUSA', '$2y$10$YBb6afNyh42vuJ6zM/wkwu9.LLO4c590hvY6X61NBNVY19K36ZYz2', 1, 1, 2, 'SIM'),
(308, '59513', 'DANIELLI PRIETO GOMES DA SILVA', '$2y$10$mRB1bI.35plCdYS7pC7hDuXKOiJo3n05fAbZp97Blj5p6kESkoEiG', 1, 1, 2, 'NAO'),
(309, '59753', 'LESLIE CRISTINI LOPES DOS SANTOS', '$2y$10$mRB1bI.35plCdYS7pC7hDuXKOiJo3n05fAbZp97Blj5p6kESkoEiG', 1, 1, 2, 'NAO'),
(310, '60176', 'SABRINA DE PAULA CAVALCANTE SANTOS', '$2y$10$7tXG2EIo2GAPgf9UlEpLNuyPkPmu0RxyroxoUiow8WTuKqpFAgBhm', 1, 1, 2, 'SIM'),
(311, '68316', 'LAURIONICE MARIA PEREIRA', '$2y$10$mRB1bI.35plCdYS7pC7hDuXKOiJo3n05fAbZp97Blj5p6kESkoEiG', 1, 1, 2, 'NAO'),
(312, '60215', 'LARISSA EVANGELISTA DE ALCANTARA', '$2y$10$wnRYkgTS6XJav9XnQ4u7qu721xEhbjVJtSxXfG0A.lJb.5erGICaS', 1, 1, 2, 'SIM'),
(313, '65968', 'THAMIRES RODRIGUES RUFINO', '$2y$10$mRB1bI.35plCdYS7pC7hDuXKOiJo3n05fAbZp97Blj5p6kESkoEiG', 1, 1, 2, 'NAO'),
(314, '57703', 'THAIS FABIAO DOS SANTOS', '$2y$10$mRB1bI.35plCdYS7pC7hDuXKOiJo3n05fAbZp97Blj5p6kESkoEiG', 1, 1, 2, 'NAO'),
(315, '78223', 'LUCIANA PINTO DE ARAUJO', '$2y$10$k1hNFwTPEBuCwU8zuYyM8Ouk7f6MK8ZUH.U5H1XG1UH1n2JSCKgRS', 1, 1, 2, 'SIM'),
(316, '69486', 'DANIELE SOUZA DOS SANTOS', '$2y$10$qjKGNSEGpy/HH/NfWV6Dgul6QGpa/y6sIlW2J95sZWPHW4UmfkQ2.', 1, 1, 2, 'SIM'),
(317, '60234', 'PRISCILA ABRUNHOSA', '$2y$10$R9sJn.uO5ztJiwsSYtMLbu3/1GBLMNCgk2rpAo5aUCUWtgiSZ053W', 1, 1, 2, 'SIM'),
(318, '46051', 'RICARDO RODRIGUES DA SILVA', '$2y$10$hmlPhZAZkmahP7MNjk7jKOY3F4s4VmVwWXoXIANYbXJMOLJM/VTEu', 1, 1, 2, 'SIM'),
(319, '78227', 'NAYRA DE SOUSA SILVA', '$2y$10$8frkb/ZL1s8WOHZYl40wsOpxBxz1mZUv4cWYjFr1IcHhOG9G6ioV2', 1, 1, 2, 'SIM'),
(320, '78226', 'MARYHANA ZACHARIAS MOREIRA', '$2y$10$pZHctNhZ1m5OPlVXILk3n.iMS/IZYhDp8KNsfOdPJImwYpjPQF7KC', 1, 1, 2, 'SIM'),
(321, '77473', 'LAEAYDE DARLEY ROSA DA SILVA', '$2y$10$9Lr5qX6SpGTdwKZphKWrveHj4V6V6ZxpJZzBUGdKXJoIFN4Ae60Ae', 1, 1, 2, 'SIM'),
(322, '74458', 'ARIANE MARIA SANTOS DE MOURA', '$2y$10$ZoYjtqEnnjj2dQb0errEz.vurgXoD2u5B3M878N4A.8uszPQOrTIe', 1, 1, 2, 'SIM'),
(323, '74362', 'DANIELLE GONCALVES DO NASCIMENTO', '$2y$10$mRB1bI.35plCdYS7pC7hDuXKOiJo3n05fAbZp97Blj5p6kESkoEiG', 1, 1, 2, 'NAO'),
(324, '77484', 'HENRIQUE CABRAL SANTOS', '$2y$10$vABdve0MMFptnVZb2sUlS.cIZj97jnXvuHDmQtKz7pLcpQOwXXR6C', 1, 1, 2, 'SIM'),
(325, '74363', 'CARINE DOS SANTOS COSTA', '$2y$10$eERBt6oTUhwmmLAzfimpKOzbe22a5BB0oHR32IoTVwN5YMyqD1Pk.', 1, 1, 2, 'SIM'),
(326, '75429', 'NATALIA BELETATI GONCALVES', '$2y$10$mRB1bI.35plCdYS7pC7hDuXKOiJo3n05fAbZp97Blj5p6kESkoEiG', 1, 1, 2, 'NAO'),
(327, '73608', 'JULIANA CARVALHO CARO', '$2y$10$BWbLyD1/plGBDMUex0Mu4uk9fKLL0Xj.NIZE5SmDfHX3wuIH0nFo6', 1, 1, 2, 'SIM'),
(328, '74007', 'IRENE EUGENIA FERNANDES SARAIVA', '$2y$10$qwYHhxLZqKFYxNXNUvFOwec75hTv7gB9O400FCV0XJbJAxW0R82Jm', 1, 1, 2, 'SIM'),
(329, '59752', 'WILLIAM DOUGLAS PEREIRA', '$2y$10$XjtgAOzQfF.utm8OAFaeRO3sHgv.OGLjG2hDla/OcNiVI7WfnAKDG', 1, 1, 2, 'SIM'),
(330, '73983', 'JULIANA DA SILVA MATIAS FEITOSA', '$2y$10$dHKip816vmudHAKVjuftuOCMz6aGmWMCny38eFVVkWTRPRzMyIulq', 1, 1, 2, 'NAO'),
(331, '78249', 'PATRICIA BERNARDINA DO NASCIMENTO', '$2y$10$xjQzE2jSLpUkdYxTw8PFMuNxaUlST7iT57vuvpBhF/fRdf7S9CYZa', 1, 1, 2, 'SIM'),
(332, '78239', 'BENILDA VANDERLEZ DOS SANTOS', '$2y$10$k8GTZjzYhRC9rv9onh/O4.9LJg88w9Q2t3hDSCKLRB7jlHf4H4EKO', 1, 1, 2, 'SIM'),
(333, '77466', 'MICHELE BORGES ROZA', '$2y$10$mRB1bI.35plCdYS7pC7hDuXKOiJo3n05fAbZp97Blj5p6kESkoEiG', 1, 1, 2, 'NAO'),
(334, '74334', 'MAYRA DE OLIVEIRA SILVA', '$2y$10$mRB1bI.35plCdYS7pC7hDuXKOiJo3n05fAbZp97Blj5p6kESkoEiG', 1, 1, 2, 'NAO'),
(335, '73566', 'THAYANE REGINA AMARAL CARVALHO', '$2y$10$zgNoLjt4kPhaU5YK9vH4ceqAWpI3LUhXw7ovOOg3tk2WQk7jCxcjy', 1, 1, 2, 'SIM'),
(336, '78252', 'TAINA OGAWA SANTOS', '$2y$10$T3SVkfYBcoD0Sy8UK8NNP.u0dktZD8Wgrb9Pwuifno80rHgLeP2ie', 1, 1, 2, 'SIM'),
(337, '74344', 'TAMIRES FERREIRA DE ALMEIDA', '$2y$10$mi9KGSqTTsPKlvydxyD1ieAcdNcyFo8QuSqe7JP7F/FyX7ikev3z.', 1, 1, 2, 'SIM'),
(338, '74345', 'NATALIA PORTO DOS SANTOS', '$2y$10$lZrpfOMiLVZwYkA14iZ8fee/uiFqaZttYAGMK5ATpUz.JjWKYPOMC', 1, 1, 2, 'SIM'),
(339, '74307', 'LARISSA GONCALVES DA PAZ SILVA', '$2y$10$8vvVMMZ4Dknzi7iG8T1sK.AnG9D0zse2GHtNTcWYkEadiXHqPkK.i', 1, 1, 2, 'SIM'),
(340, '74329', 'MARCELLA SOARES DA SILVA', '$2y$10$dHKip816vmudHAKVjuftuOCMz6aGmWMCny38eFVVkWTRPRzMyIulq', 1, 1, 2, 'NAO'),
(341, '66609', 'BRUNO HENRIQUE LUONGO DIAS', '$2y$10$0dYcMHmGrM3gKiCGKMWIueFy5FBP3bbC7BDsRxtHFesqzj6MYvj4W', 1, 1, 2, 'SIM'),
(343, '80369', 'ALEXANDRE NEVES DE SOUZA', '$2y$10$mRB1bI.35plCdYS7pC7hDuXKOiJo3n05fAbZp97Blj5p6kESkoEiG', 1, 2, 2, 'NAO'),
(344, '67702', 'AMANDA RODRIGUES DE OLIVEIRA', '$2y$10$mRB1bI.35plCdYS7pC7hDuXKOiJo3n05fAbZp97Blj5p6kESkoEiG', 1, 2, 2, 'NAO'),
(345, '74619', 'DEBORA VASCONCELOS HONORATO', '$2y$10$mRB1bI.35plCdYS7pC7hDuXKOiJo3n05fAbZp97Blj5p6kESkoEiG', 1, 2, 2, 'NAO'),
(346, '28460', 'ENDREW DIAS DA SILVA', '$2y$10$mRB1bI.35plCdYS7pC7hDuXKOiJo3n05fAbZp97Blj5p6kESkoEiG', 1, 2, 2, 'NAO'),
(347, '23412', 'FERNANDA LEAL RESENDE', '$2y$10$mRB1bI.35plCdYS7pC7hDuXKOiJo3n05fAbZp97Blj5p6kESkoEiG', 1, 2, 2, 'NAO'),
(348, '50271', 'GUILHERME PERES MARTINS', '$2y$10$mRB1bI.35plCdYS7pC7hDuXKOiJo3n05fAbZp97Blj5p6kESkoEiG', 1, 2, 2, 'NAO'),
(349, '13265', 'INAYRA SUELEM DOS SANTOS FORTUNATO', '$2y$10$mRB1bI.35plCdYS7pC7hDuXKOiJo3n05fAbZp97Blj5p6kESkoEiG', 1, 2, 2, 'NAO'),
(350, '80309', 'KATIA DA SILVA VASQUES', '$2y$10$mRB1bI.35plCdYS7pC7hDuXKOiJo3n05fAbZp97Blj5p6kESkoEiG', 1, 2, 2, 'NAO'),
(351, '49934', 'LETICIA SOARES DE CARVALHO', '$2y$10$mRB1bI.35plCdYS7pC7hDuXKOiJo3n05fAbZp97Blj5p6kESkoEiG', 1, 2, 2, 'NAO'),
(352, '66508', 'LUCIAN JOSE FERREIRA DE CASTRO', '$2y$10$mRB1bI.35plCdYS7pC7hDuXKOiJo3n05fAbZp97Blj5p6kESkoEiG', 1, 2, 2, 'NAO'),
(353, '54398', 'LUCIANE GOMES DE SOUZA', '$2y$10$mRB1bI.35plCdYS7pC7hDuXKOiJo3n05fAbZp97Blj5p6kESkoEiG', 1, 2, 2, 'NAO'),
(354, '80367', 'MILTON MACEDO FILHO', '$2y$10$mRB1bI.35plCdYS7pC7hDuXKOiJo3n05fAbZp97Blj5p6kESkoEiG', 1, 2, 2, 'NAO'),
(355, '54708', 'MONICA DA SILVA MARCOS', '$2y$10$mRB1bI.35plCdYS7pC7hDuXKOiJo3n05fAbZp97Blj5p6kESkoEiG', 1, 2, 2, 'NAO'),
(356, '48789', 'NATALIA CEBRIAN', '$2y$10$mRB1bI.35plCdYS7pC7hDuXKOiJo3n05fAbZp97Blj5p6kESkoEiG', 1, 2, 2, 'NAO'),
(357, '47250', 'RUTE BARBOSA RODRIGUES', '$2y$10$mRB1bI.35plCdYS7pC7hDuXKOiJo3n05fAbZp97Blj5p6kESkoEiG', 1, 2, 2, 'NAO'),
(358, '80485', 'SEMIRAMIS VIEIRA SOARES', '$2y$10$mRB1bI.35plCdYS7pC7hDuXKOiJo3n05fAbZp97Blj5p6kESkoEiG', 1, 2, 2, 'NAO'),
(359, '80514', 'TALYTA VANESSA SILVA DE SANTANA', '$2y$10$mRB1bI.35plCdYS7pC7hDuXKOiJo3n05fAbZp97Blj5p6kESkoEiG', 1, 2, 2, 'NAO'),
(360, '74658', 'TATIANE CRISTINA DE LIMA VICTORINO DE AL', '$2y$10$mRB1bI.35plCdYS7pC7hDuXKOiJo3n05fAbZp97Blj5p6kESkoEiG', 1, 2, 2, 'NAO'),
(362, '4286', 'Gerliano Rodrigues', '$2y$10$i7xkHNAM5Lz7addfqTE7K.w8jLV0aLNCiAF3fIzz0YUS1ltfLQuyq', 1, 2, 1, 'SIM'),
(363, '6464', 'Usuario Adm', '$2y$10$41UBTBDOUIQxsK6HUucYWeTsmQjLOKJ4weHirA/Xc2GWpDSKYU.4e', 1, 1, 1, 'SIM'),
(364, '19400', 'Cristiane Macedo', '$2y$10$kkHks96HQiIjVmlMW6Ciru5BUB/p7mYKOgT3Kfoy06Vm1.uAjTZbS', 1, 1, 1, 'SIM'),
(365, '46350', 'Cristiane Bento Machado Da Silva', '$2y$10$NBAFNLGrkPTslC3PZoD28ONAtkb8ggV57KPLokvtacs69HNKaTA7q', 1, 1, 2, 'SIM'),
(367, '7209012', 'Test', '$2y$10$9ZqE3kvQCNyNla2I2Ckt.eDyH54.Er3AVyzhV897BoyiW6NaodjzK', 1, 1, 1, 'NAO');

-- --------------------------------------------------------

--
-- Stand-in structure for view `view_respostas`
-- (See below for the actual view)
--
CREATE TABLE `view_respostas` (
`id` int(11)
,`id_users` varchar(40)
,`login_user` varchar(40)
,`name_user` varchar(100)
,`id_question` int(11)
,`questao` text
,`description_answers` varchar(150)
,`id_answers` int(11)
);

-- --------------------------------------------------------

--
-- Stand-in structure for view `vw_resultado`
-- (See below for the actual view)
--
CREATE TABLE `vw_resultado` (
`TOTAL` bigint(21)
,`USUARIO` varchar(100)
,`PERGUNTA` text
,`RESPOSTA` varchar(150)
);

-- --------------------------------------------------------

--
-- Structure for view `view_respostas`
--
DROP TABLE IF EXISTS `view_respostas`;

CREATE ALGORITHM=UNDEFINED DEFINER=`root7`@`%` SQL SECURITY DEFINER VIEW `view_respostas`  AS  select `tbr`.`id` AS `id`,`tbr`.`id_users` AS `id_users`,`tbu`.`login_user` AS `login_user`,`tbu`.`name_user` AS `name_user`,`tbr`.`id_question` AS `id_question`,`tbq`.`description_question` AS `questao`,`tba`.`description_answers` AS `description_answers`,`tbr`.`id_answers` AS `id_answers` from (((`tb_questions_recorded` `tbr` left join `tb_question` `tbq` on((`tbq`.`id` = `tbr`.`id_question`))) left join `tb_users` `tbu` on((`tbu`.`id` = `tbr`.`id_users`))) left join `tb_answers` `tba` on((`tba`.`id_answers` = `tbr`.`id_answers`))) ;

-- --------------------------------------------------------

--
-- Structure for view `vw_resultado`
--
DROP TABLE IF EXISTS `vw_resultado`;

CREATE ALGORITHM=UNDEFINED DEFINER=`root7`@`%` SQL SECURITY DEFINER VIEW `vw_resultado`  AS  select distinct count(distinct `t3`.`login_user`) AS `TOTAL`,`t3`.`name_user` AS `USUARIO`,`t2`.`description_question` AS `PERGUNTA`,`t4`.`description_answers` AS `RESPOSTA` from ((((`tb_questions_recorded` `t1` left join `tb_question` `t2` on((`t2`.`id` = `t1`.`id_question`))) left join `tb_users` `t3` on((`t3`.`id` = `t1`.`id_users`))) left join `tb_answers` `t4` on((`t4`.`id_answers` = `t1`.`id_answers`))) left join `tb_posts` `t5` on((`t5`.`id` = `t1`.`id_post`))) where (`t1`.`id_post` = 9) group by `t1`.`id` ;

--
-- Indexes for dumped tables
--

--
-- Indexes for table `tb_answers`
--
ALTER TABLE `tb_answers`
  ADD PRIMARY KEY (`id_answers`);

--
-- Indexes for table `tb_companies`
--
ALTER TABLE `tb_companies`
  ADD PRIMARY KEY (`id_companie`);

--
-- Indexes for table `tb_level`
--
ALTER TABLE `tb_level`
  ADD PRIMARY KEY (`id_level`);

--
-- Indexes for table `tb_liked`
--
ALTER TABLE `tb_liked`
  ADD PRIMARY KEY (`id`);

--
-- Indexes for table `tb_logs_access`
--
ALTER TABLE `tb_logs_access`
  ADD PRIMARY KEY (`id`);

--
-- Indexes for table `tb_menus`
--
ALTER TABLE `tb_menus`
  ADD PRIMARY KEY (`id_menu`);

--
-- Indexes for table `tb_permission`
--
ALTER TABLE `tb_permission`
  ADD PRIMARY KEY (`id`);

--
-- Indexes for table `tb_posts`
--
ALTER TABLE `tb_posts`
  ADD PRIMARY KEY (`id`);

--
-- Indexes for table `tb_product`
--
ALTER TABLE `tb_product`
  ADD PRIMARY KEY (`id_product`);

--
-- Indexes for table `tb_question`
--
ALTER TABLE `tb_question`
  ADD PRIMARY KEY (`id`);

--
-- Indexes for table `tb_questions_recorded`
--
ALTER TABLE `tb_questions_recorded`
  ADD PRIMARY KEY (`id`);

--
-- Indexes for table `tb_type_extension`
--
ALTER TABLE `tb_type_extension`
  ADD PRIMARY KEY (`id_type_extension`);

--
-- Indexes for table `tb_type_post`
--
ALTER TABLE `tb_type_post`
  ADD PRIMARY KEY (`id_type_post`);

--
-- Indexes for table `tb_type_questions`
--
ALTER TABLE `tb_type_questions`
  ADD PRIMARY KEY (`id_type_questions`);

--
-- Indexes for table `tb_users`
--
ALTER TABLE `tb_users`
  ADD PRIMARY KEY (`id`),
  ADD UNIQUE KEY `login_user` (`login_user`);

--
-- AUTO_INCREMENT for dumped tables
--

--
-- AUTO_INCREMENT for table `tb_answers`
--
ALTER TABLE `tb_answers`
  MODIFY `id_answers` int(11) NOT NULL AUTO_INCREMENT, AUTO_INCREMENT=108;

--
-- AUTO_INCREMENT for table `tb_level`
--
ALTER TABLE `tb_level`
  MODIFY `id_level` int(11) NOT NULL AUTO_INCREMENT, AUTO_INCREMENT=4;

--
-- AUTO_INCREMENT for table `tb_liked`
--
ALTER TABLE `tb_liked`
  MODIFY `id` int(11) NOT NULL AUTO_INCREMENT, AUTO_INCREMENT=4;

--
-- AUTO_INCREMENT for table `tb_logs_access`
--
ALTER TABLE `tb_logs_access`
  MODIFY `id` int(11) NOT NULL AUTO_INCREMENT, AUTO_INCREMENT=501;

--
-- AUTO_INCREMENT for table `tb_menus`
--
ALTER TABLE `tb_menus`
  MODIFY `id_menu` int(11) NOT NULL AUTO_INCREMENT, AUTO_INCREMENT=8;

--
-- AUTO_INCREMENT for table `tb_permission`
--
ALTER TABLE `tb_permission`
  MODIFY `id` int(11) NOT NULL AUTO_INCREMENT, AUTO_INCREMENT=21;

--
-- AUTO_INCREMENT for table `tb_posts`
--
ALTER TABLE `tb_posts`
  MODIFY `id` int(11) NOT NULL AUTO_INCREMENT, AUTO_INCREMENT=15;

--
-- AUTO_INCREMENT for table `tb_product`
--
ALTER TABLE `tb_product`
  MODIFY `id_product` int(11) NOT NULL AUTO_INCREMENT, AUTO_INCREMENT=7;

--
-- AUTO_INCREMENT for table `tb_question`
--
ALTER TABLE `tb_question`
  MODIFY `id` int(11) NOT NULL AUTO_INCREMENT, AUTO_INCREMENT=33;

--
-- AUTO_INCREMENT for table `tb_questions_recorded`
--
ALTER TABLE `tb_questions_recorded`
  MODIFY `id` int(11) NOT NULL AUTO_INCREMENT, AUTO_INCREMENT=5;

--
-- AUTO_INCREMENT for table `tb_type_extension`
--
ALTER TABLE `tb_type_extension`
  MODIFY `id_type_extension` int(11) NOT NULL AUTO_INCREMENT, AUTO_INCREMENT=4;

--
-- AUTO_INCREMENT for table `tb_type_post`
--
ALTER TABLE `tb_type_post`
  MODIFY `id_type_post` int(11) NOT NULL AUTO_INCREMENT, AUTO_INCREMENT=4;

--
-- AUTO_INCREMENT for table `tb_type_questions`
--
ALTER TABLE `tb_type_questions`
  MODIFY `id_type_questions` int(11) NOT NULL AUTO_INCREMENT, AUTO_INCREMENT=3;

--
-- AUTO_INCREMENT for table `tb_users`
--
ALTER TABLE `tb_users`
  MODIFY `id` int(11) NOT NULL AUTO_INCREMENT, AUTO_INCREMENT=368;
COMMIT;

/*!40101 SET CHARACTER_SET_CLIENT=@OLD_CHARACTER_SET_CLIENT */;
/*!40101 SET CHARACTER_SET_RESULTS=@OLD_CHARACTER_SET_RESULTS */;
/*!40101 SET COLLATION_CONNECTION=@OLD_COLLATION_CONNECTION */;
